Rk,Player,Pos,Age,Tm,G,GS,MP,FG,FGA,FG%,3P,3PA,3P%,2P,2PA,2P%,eFG%,FT,FTA,FT%,ORB,DRB,TRB,AST,STL,BLK,TOV,PF,PTS,zscore
249,Nikola Joki?,C,27,DEN,69,69,33.7,9.4,14.8,0.632,0.8,2.2,0.38299999999999995,8.5,12.7,0.675,0.66,4.9,6.0,0.8220000000000001,2.4,9.4,11.8,9.8,1.3,0.7,3.6,2.5,24.5,12.990375034703435
143,Joel Embiid,C,28,PHI,66,66,34.6,11.0,20.1,0.5479999999999999,1.0,3.0,0.33,10.0,17.1,0.5870000000000001,0.573,10.0,11.7,0.857,1.7,8.4,10.2,4.2,1.0,1.7,3.4,3.1,33.1,12.18086477655808
125,Luka Don?i?,PG,23,DAL,66,66,36.2,10.9,22.0,0.496,2.8,8.2,0.342,8.1,13.8,0.588,0.56,7.8,10.5,0.742,0.8,7.8,8.6,8.0,1.4,0.5,3.6,2.5,32.4,11.71239072621428
11,Giannis Antetokounmpo,PF,28,MIL,63,63,32.1,11.2,20.3,0.5529999999999999,0.7,2.7,0.275,10.5,17.6,0.596,0.5720000000000001,7.9,12.3,0.645,2.2,9.6,11.8,5.7,0.8,0.8,3.9,3.1,31.1,11.239019819482577
110,Anthony Davis,C,29,LAL,56,54,34.0,9.7,17.2,0.563,0.3,1.3,0.257,9.3,15.9,0.589,0.573,6.2,7.9,0.784,3.5,9.1,12.5,2.6,1.1,2.0,2.2,2.6,25.9,10.83150072932613
164,Shai Gilgeous-Alexander,PG,24,OKC,68,68,35.5,10.4,20.3,0.51,0.9,2.5,0.345,9.5,17.8,0.5329999999999999,0.531,9.8,10.9,0.905,0.9,4.0,4.8,5.5,1.6,1.0,2.8,2.8,31.4,9.438008927749568
190,James Harden,PG,33,PHI,58,58,36.8,6.4,14.5,0.441,2.8,7.2,0.385,3.6,7.3,0.495,0.536,5.4,6.2,0.867,0.7,5.4,6.1,10.7,1.2,0.5,3.4,1.9,21.0,9.434825350274462
239,LeBron James,PF,38,LAL,55,54,35.5,11.1,22.2,0.5,2.2,6.9,0.321,8.9,15.3,0.58,0.5489999999999999,4.6,5.9,0.768,1.2,7.1,8.3,6.8,0.9,0.6,3.2,1.6,28.9,8.870890245638176
21,LaMelo Ball,PG,21,CHO,36,36,35.2,8.2,20.0,0.41100000000000003,4.0,10.6,0.376,4.2,9.4,0.45,0.51,2.8,3.4,0.836,1.2,5.3,6.4,8.4,1.3,0.3,3.6,3.3,23.3,8.821881346535255
137,Kevin Durant,PF,34,TOT,47,47,35.6,10.3,18.3,0.56,2.0,4.9,0.40399999999999997,8.3,13.4,0.617,0.614,6.5,7.1,0.919,0.4,6.3,6.7,5.0,0.7,1.4,3.3,2.1,29.1,8.8031572187135
465,Jayson Tatum,SF,24,BOS,74,74,36.9,9.8,21.1,0.466,3.2,9.3,0.35,6.6,11.8,0.5579999999999999,0.5429999999999999,7.2,8.4,0.8540000000000001,1.1,7.7,8.8,4.6,1.1,0.7,2.9,2.2,30.1,8.603715222234943
428,Domantas Sabonis,C,26,SAC,79,79,34.6,7.3,11.9,0.615,0.4,1.1,0.373,6.9,10.8,0.639,0.632,4.1,5.5,0.742,3.2,9.1,12.3,7.3,0.8,0.5,2.9,3.5,19.1,8.495318382595825
536,Trae Young,PG,24,ATL,73,73,34.8,8.2,19.0,0.429,2.1,6.3,0.335,6.1,12.7,0.47600000000000003,0.485,7.8,8.8,0.8859999999999999,0.8,2.2,3.0,10.2,1.1,0.1,4.1,1.4,26.2,8.259847588730548
140,Anthony Edwards,SG,21,MIN,79,79,36.0,8.9,19.5,0.45899999999999996,2.7,7.3,0.369,6.3,12.2,0.513,0.528,4.0,5.3,0.7559999999999999,0.6,5.2,5.8,4.4,1.6,0.7,3.3,2.4,24.6,8.188117569499417
346,Ja Morant,PG,23,MEM,61,59,31.9,9.3,19.9,0.466,1.5,4.9,0.307,7.8,15.0,0.519,0.504,6.1,8.1,0.748,1.0,4.9,5.9,8.1,1.1,0.3,3.4,1.6,26.2,8.120413957555433
235,Jaren Jackson Jr.,C,23,MEM,63,63,28.4,6.6,13.0,0.506,1.6,4.5,0.355,5.0,8.6,0.585,0.5670000000000001,3.8,4.9,0.7879999999999999,1.7,5.0,6.8,1.0,1.0,3.0,1.7,3.6,18.6,7.954886441162206
186,Tyrese Haliburton,PG,22,IND,56,56,33.6,7.4,15.0,0.49,2.9,7.2,0.4,4.5,7.8,0.5720000000000001,0.586,3.1,3.6,0.871,0.6,3.1,3.7,10.4,1.6,0.4,2.5,1.2,20.7,7.949272877594419
527,Zion Williamson,PF,22,NOP,29,29,33.0,9.8,16.2,0.608,0.2,0.7,0.368,9.6,15.5,0.618,0.615,6.1,8.6,0.7140000000000001,2.0,5.0,7.0,4.6,1.1,0.6,3.4,2.2,26.0,7.561837273386205
292,Damian Lillard,PG,32,POR,58,58,36.3,9.6,20.7,0.46299999999999997,4.2,11.3,0.371,5.4,9.4,0.574,0.564,8.8,9.6,0.914,0.8,4.0,4.8,7.3,0.9,0.3,3.3,1.9,32.2,7.505453474497923
161,Paul George,SF,32,LAC,56,56,34.6,8.2,17.9,0.457,2.8,7.6,0.371,5.4,10.3,0.521,0.536,4.6,5.3,0.871,0.8,5.3,6.1,5.1,1.5,0.4,3.1,2.8,23.8,7.318651227780757
108,Stephen Curry,PG,34,GSW,56,56,34.7,10.0,20.2,0.493,4.9,11.4,0.42700000000000005,5.1,8.8,0.579,0.614,4.6,5.0,0.915,0.7,5.4,6.1,6.3,0.9,0.4,3.2,2.1,29.4,7.269970662851221
393,Kristaps Porzi??is,C,27,WAS,65,65,32.6,7.8,15.7,0.498,2.1,5.5,0.385,5.7,10.2,0.5589999999999999,0.565,5.4,6.4,0.851,1.8,6.6,8.4,2.7,0.9,1.5,2.1,3.0,23.2,6.841255049193612
173,RaiQuan Gray,PF,23,BRK,1,0,35.0,6.0,12.0,0.5,2.0,5.0,0.4,4.0,7.0,0.5710000000000001,0.583,2.0,2.0,1.0,3.0,6.0,9.0,7.0,0.0,1.0,4.0,5.0,16.0,6.804403019976837
485,Fred VanVleet,PG,28,TOR,69,69,36.7,6.3,16.1,0.39299999999999996,3.0,8.8,0.342,3.3,7.3,0.455,0.486,3.7,4.1,0.898,0.4,3.6,4.1,7.2,1.8,0.6,2.0,2.8,19.3,6.747418464961471
3,Bam Adebayo,C,25,MIA,75,75,34.6,8.0,14.9,0.54,0.0,0.2,0.083,8.0,14.7,0.545,0.541,4.3,5.4,0.8059999999999999,2.5,6.7,9.2,3.2,1.2,0.8,2.5,2.8,20.4,6.635615469377849
94,Nic Claxton,C,23,BRK,76,76,29.9,5.4,7.7,0.705,0.0,0.0,0.0,5.4,7.7,0.708,0.705,1.8,3.2,0.541,2.4,6.8,9.2,1.9,0.9,2.5,1.3,2.8,12.6,6.588950524558742
507,Russell Westbrook,PG,34,TOT,73,24,29.1,5.9,13.6,0.436,1.2,3.9,0.311,4.7,9.7,0.48700000000000004,0.48100000000000004,2.8,4.3,0.6559999999999999,1.2,4.6,5.8,7.5,1.0,0.5,3.5,2.2,15.9,6.5393718746110885
214,Jrue Holiday,PG,32,MIL,67,65,32.6,7.3,15.3,0.479,2.4,6.1,0.384,5.0,9.1,0.542,0.556,2.3,2.6,0.8590000000000001,1.2,3.9,5.1,7.4,1.2,0.4,2.9,1.7,19.3,6.280002933088771
338,Donovan Mitchell,SG,26,CLE,68,68,35.8,10.0,20.6,0.484,3.6,9.3,0.386,6.4,11.3,0.5660000000000001,0.5720000000000001,4.7,5.4,0.867,0.9,3.3,4.3,4.4,1.5,0.4,2.6,2.5,28.3,6.274422421797263
230,Kyrie Irving,PG-SG,30,TOT,60,60,37.4,9.9,20.1,0.494,3.1,8.3,0.379,6.8,11.8,0.574,0.5720000000000001,4.1,4.6,0.905,1.0,4.1,5.1,5.5,1.1,0.8,2.1,2.8,27.1,6.251043896298397
442,Pascal Siakam,PF,28,TOR,71,71,37.4,8.9,18.5,0.48,1.3,4.0,0.324,7.6,14.5,0.523,0.515,5.2,6.7,0.774,1.8,6.0,7.8,5.8,0.9,0.5,2.4,3.2,24.2,6.2438009888321355
389,Kevin Porter Jr.,PG,22,HOU,59,59,34.3,6.6,15.0,0.442,2.4,6.5,0.366,4.2,8.5,0.501,0.522,3.5,4.5,0.784,1.3,4.0,5.3,5.7,1.4,0.3,3.2,2.6,19.2,6.179001628334626
106,Cade Cunningham,PG,21,DET,12,12,33.3,7.8,18.7,0.415,1.4,5.1,0.27899999999999997,6.3,13.6,0.466,0.45299999999999996,3.0,3.6,0.8370000000000001,1.0,5.2,6.2,6.0,0.8,0.6,3.3,2.8,19.9,6.045134229597314
64,Jaylen Brown,SF,26,BOS,67,67,35.9,10.1,20.6,0.491,2.4,7.3,0.335,7.7,13.4,0.5760000000000001,0.55,3.9,5.1,0.765,1.2,5.7,6.9,3.5,1.1,0.4,2.9,2.6,26.6,5.991908377814955
75,Jimmy Butler,PF,33,MIA,64,64,33.4,7.5,13.9,0.539,0.6,1.6,0.35,6.9,12.3,0.564,0.56,7.4,8.7,0.85,2.2,3.7,5.9,5.3,1.8,0.3,1.6,1.3,22.9,5.951737375839063
166,Jacob Gilyard,PG,24,MEM,1,0,41.0,1.0,3.0,0.33299999999999996,1.0,3.0,0.33299999999999996,0.0,0.0,,0.5,0.0,0.0,,0.0,4.0,4.0,7.0,3.0,0.0,2.0,3.0,3.0,5.921915334696228
478,Karl-Anthony Towns,PF,27,MIN,29,29,33.0,7.3,14.8,0.495,2.1,5.7,0.366,5.2,9.1,0.5760000000000001,0.565,4.1,4.7,0.8740000000000001,1.7,6.5,8.1,4.8,0.7,0.6,3.0,3.8,20.8,5.789070018189113
405,Julius Randle,PF,28,NYK,77,77,35.5,8.5,18.6,0.45899999999999996,2.8,8.3,0.34299999999999997,5.7,10.3,0.5529999999999999,0.536,5.2,6.9,0.757,1.8,8.1,10.0,4.1,0.6,0.3,2.8,3.0,25.1,5.7053877573820255
351,Dejounte Murray,SG,26,ATL,74,74,36.4,8.3,17.8,0.46399999999999997,1.8,5.2,0.344,6.5,12.6,0.514,0.514,2.1,2.6,0.8320000000000001,0.7,4.5,5.3,6.1,1.5,0.3,2.2,1.4,20.5,5.635729199081326
229,Brandon Ingram,SF,25,NOP,45,45,34.2,9.0,18.6,0.484,1.4,3.6,0.39,7.6,14.9,0.507,0.522,5.3,6.0,0.882,0.5,5.0,5.5,5.8,0.7,0.4,3.3,2.6,24.7,5.630639176936972
481,Myles Turner,C,26,IND,62,62,29.4,6.5,11.8,0.5479999999999999,1.5,4.0,0.373,5.0,7.8,0.638,0.612,3.5,4.5,0.7829999999999999,1.4,6.1,7.5,1.4,0.6,2.3,1.7,3.5,18.0,5.628844733212718
437,Alperen ?engün,C,20,HOU,75,72,28.9,5.9,10.7,0.5529999999999999,0.3,0.8,0.33299999999999996,5.6,9.9,0.57,0.565,2.7,3.8,0.715,3.2,5.8,9.0,3.9,0.9,0.9,2.6,3.4,14.8,5.590983651416647
176,Draymond Green,PF,32,GSW,73,73,31.5,3.4,6.5,0.527,0.5,1.8,0.305,2.9,4.7,0.612,0.57,1.1,1.5,0.713,0.9,6.3,7.2,6.8,1.0,0.8,2.8,3.1,8.5,5.54446508094301
339,Evan Mobley,PF,21,CLE,79,79,34.4,6.6,12.0,0.5539999999999999,0.3,1.3,0.21600000000000003,6.4,10.7,0.595,0.5660000000000001,2.6,3.8,0.674,2.4,6.6,9.0,2.8,0.8,1.5,1.8,2.8,16.2,5.454152013035129
380,Chris Paul,PG,37,PHO,59,59,32.0,5.0,11.3,0.44,1.7,4.4,0.375,3.3,6.9,0.48200000000000004,0.513,2.3,2.7,0.831,0.5,3.8,4.3,8.9,1.5,0.4,1.9,2.1,13.9,5.445138805894627
49,Devin Booker,SG,26,PHO,53,53,34.6,9.9,20.1,0.494,2.1,6.0,0.35100000000000003,7.8,14.2,0.5539999999999999,0.546,5.8,6.8,0.855,0.9,3.7,4.5,5.5,1.0,0.3,2.7,3.0,27.8,5.365490430292766
163,Josh Giddey,PF,20,OKC,76,76,31.1,7.1,14.7,0.48200000000000004,1.0,3.1,0.325,6.1,11.6,0.524,0.516,1.4,1.9,0.731,1.9,5.9,7.9,6.2,0.8,0.4,2.8,1.9,16.6,5.302255930656622
35,Bradley Beal,SG,29,WAS,50,50,33.5,8.9,17.6,0.506,1.6,4.4,0.365,7.3,13.2,0.552,0.551,3.8,4.6,0.8420000000000001,0.8,3.1,3.9,5.4,0.9,0.7,2.9,2.1,23.2,5.276198490610273
288,Kawhi Leonard,SF,31,LAC,52,50,33.6,8.6,16.8,0.512,2.0,4.8,0.41600000000000004,6.6,11.9,0.551,0.5720000000000001,4.7,5.4,0.871,1.1,5.4,6.5,3.9,1.4,0.5,1.7,1.6,23.8,5.1831504892429
153,De'Aaron Fox,PG,25,SAC,73,73,33.4,9.3,18.2,0.512,1.6,5.0,0.324,7.7,13.2,0.584,0.557,4.7,6.0,0.78,0.5,3.6,4.2,6.1,1.1,0.3,2.5,2.4,25.0,5.130274850663703
157,Darius Garland,PG,23,CLE,69,69,35.5,7.6,16.4,0.462,2.4,6.0,0.41,5.1,10.4,0.49200000000000005,0.537,4.0,4.7,0.863,0.4,2.3,2.7,7.8,1.2,0.1,2.9,2.1,21.6,5.07097276445052
167,Rudy Gobert,C,30,MIN,70,70,30.7,5.1,7.8,0.659,0.0,0.0,0.0,5.1,7.8,0.6629999999999999,0.659,3.1,4.9,0.644,3.3,8.3,11.6,1.2,0.8,1.4,1.7,3.0,13.4,5.015041505847308
297,Brook Lopez,C,34,MIL,78,78,30.4,6.1,11.5,0.531,1.7,4.7,0.374,4.4,6.9,0.637,0.606,1.9,2.4,0.784,2.0,4.7,6.7,1.3,0.5,2.5,1.4,2.6,15.9,4.755733262915566
117,DeMar DeRozan,SF,33,CHI,74,74,36.2,8.9,17.6,0.504,0.6,1.9,0.324,8.3,15.7,0.526,0.522,6.2,7.1,0.872,0.5,4.2,4.6,5.1,1.1,0.5,2.1,2.5,24.5,4.729104953918602
14,OG Anunoby,SF,25,TOR,67,67,35.6,6.3,13.2,0.47600000000000003,2.1,5.5,0.387,4.2,7.7,0.539,0.556,2.1,2.5,0.838,1.4,3.5,5.0,2.0,1.9,0.7,2.0,3.0,16.8,4.710755271750209
28,Scottie Barnes,SF,21,TOR,77,76,34.8,6.0,13.2,0.456,0.8,2.9,0.281,5.2,10.3,0.505,0.48700000000000004,2.5,3.2,0.772,2.3,4.3,6.6,4.8,1.1,0.8,2.0,2.2,15.3,4.641166542842642
2,Steven Adams,C,29,MEM,42,42,27.0,3.7,6.3,0.597,0.0,0.0,0.0,3.7,6.2,0.599,0.597,1.1,3.1,0.364,5.1,6.5,11.5,2.3,0.9,1.1,1.9,2.3,8.6,4.578283841928063
489,Nikola Vu?evi?,C,32,CHI,82,82,33.5,7.3,14.0,0.52,1.5,4.2,0.349,5.8,9.8,0.594,0.573,1.6,1.9,0.835,1.9,9.1,11.0,3.2,0.7,0.7,1.7,2.2,17.6,4.446395488790151
278,Kyle Kuzma,PF,27,WAS,64,64,35.0,8.0,17.8,0.44799999999999995,2.5,7.5,0.33299999999999996,5.5,10.3,0.5329999999999999,0.518,2.7,3.7,0.73,0.9,6.4,7.2,3.7,0.6,0.5,3.0,2.3,21.2,4.412489699279177
23,Paolo Banchero,PF,20,ORL,72,72,33.8,6.7,15.6,0.42700000000000005,1.2,4.0,0.298,5.5,11.6,0.47100000000000003,0.465,5.5,7.4,0.738,1.2,5.7,6.9,3.7,0.8,0.5,2.8,2.2,20.0,4.395125618943296
198,Shaquille Harrison,SG,29,POR,5,0,24.0,3.0,7.2,0.41700000000000004,0.6,2.0,0.3,2.4,5.2,0.462,0.45799999999999996,2.2,3.0,0.733,0.2,4.2,4.4,6.0,2.2,0.4,1.2,2.4,8.8,4.323624111362905
386,Jakob Poeltl,C,27,TOT,72,71,26.5,5.4,8.6,0.629,0.0,0.0,0.0,5.4,8.6,0.63,0.629,1.7,2.8,0.5920000000000001,3.3,5.8,9.1,2.7,0.9,1.2,1.7,2.7,12.5,4.320906063011284
444,Ben Simmons,PG,26,BRK,42,33,26.3,3.2,5.6,0.5660000000000001,0.0,0.0,0.0,3.2,5.5,0.5710000000000001,0.5660000000000001,0.6,1.4,0.439,1.0,5.3,6.3,6.1,1.3,0.6,2.3,3.3,6.9,4.293597295473379
320,CJ McCollum,SG,31,NOP,75,75,35.3,7.8,17.9,0.43700000000000006,2.8,7.2,0.389,5.0,10.7,0.469,0.515,2.4,3.2,0.769,0.7,3.6,4.4,5.7,0.9,0.5,2.4,2.0,20.9,4.212771119750282
154,Markelle Fultz,PG,24,ORL,60,60,29.6,5.8,11.3,0.514,0.5,1.5,0.31,5.4,9.9,0.544,0.534,1.9,2.4,0.7829999999999999,1.2,2.8,3.9,5.7,1.5,0.4,2.3,2.2,14.0,4.197755278218809
367,Jusuf Nurki?,C,28,POR,52,52,26.8,5.0,9.7,0.519,0.8,2.3,0.361,4.2,7.4,0.5670000000000001,0.561,2.4,3.7,0.6609999999999999,2.2,6.9,9.1,2.9,0.8,0.8,2.3,3.6,13.3,4.047084087069472
424,Terry Rozier,SG,28,CHO,63,63,35.3,7.8,18.9,0.415,2.6,8.0,0.327,5.2,10.8,0.48,0.484,2.8,3.5,0.809,0.8,3.3,4.1,5.1,1.2,0.3,2.1,1.9,21.1,3.7875797024137388
8,Jarrett Allen,C,24,CLE,68,68,32.6,5.9,9.2,0.644,0.0,0.1,0.1,5.9,9.1,0.653,0.645,2.4,3.3,0.733,3.3,6.5,9.8,1.7,0.8,1.2,1.4,2.3,14.3,3.7781539855303516
449,Marcus Smart,PG,28,BOS,61,61,32.1,4.1,9.9,0.415,1.9,5.6,0.336,2.2,4.3,0.519,0.511,1.4,1.9,0.746,0.8,2.4,3.1,6.3,1.5,0.4,2.3,2.8,11.5,3.7633830584415318
307,Lauri Markkanen,PF,25,UTA,66,66,34.4,8.7,17.3,0.499,3.0,7.7,0.391,5.6,9.6,0.585,0.586,5.3,6.0,0.875,2.0,6.7,8.6,1.9,0.6,0.6,1.9,2.1,25.6,3.718446537840546
24,Desmond Bane,SG,24,MEM,58,58,31.7,7.8,16.2,0.479,2.9,7.0,0.408,4.9,9.2,0.534,0.568,3.1,3.5,0.883,0.7,4.3,5.0,4.4,1.0,0.4,2.2,2.6,21.5,3.7170012135309034
426,D'Angelo Russell,PG,26,TOT,71,71,32.5,6.3,13.4,0.469,2.7,6.9,0.396,3.5,6.5,0.5479999999999999,0.5720000000000001,2.5,3.0,0.8290000000000001,0.5,2.5,3.0,6.2,1.0,0.4,2.6,2.0,17.8,3.6494964159626244
283,Zach LaVine,SG,27,CHI,77,77,35.9,8.7,18.0,0.485,2.6,7.1,0.375,6.1,11.0,0.556,0.5579999999999999,4.7,5.6,0.848,0.5,3.9,4.5,4.2,0.9,0.2,2.5,2.1,24.8,3.522862057023487
69,Jalen Brunson,PG,26,NYK,68,68,35.0,8.6,17.6,0.491,2.0,4.7,0.41600000000000004,6.7,12.8,0.519,0.547,4.8,5.8,0.8290000000000001,0.6,3.0,3.5,6.2,0.9,0.2,2.1,2.2,24.0,3.465357812576724
352,Jamal Murray,PG,25,DEN,65,65,32.8,7.3,16.0,0.45399999999999996,2.6,6.6,0.39799999999999996,4.6,9.4,0.494,0.537,2.8,3.3,0.833,0.7,3.2,4.0,6.2,1.0,0.2,2.2,1.6,20.0,3.4626309002787523
17,Deandre Ayton,C,24,PHO,67,67,30.4,7.8,13.2,0.589,0.1,0.4,0.292,7.7,12.9,0.597,0.5920000000000001,2.3,3.0,0.76,2.6,7.4,10.0,1.7,0.6,0.8,1.8,2.8,18.0,3.4251191932374994
204,Killian Hayes,PG,21,DET,76,56,28.3,4.0,10.7,0.377,1.1,3.8,0.28,3.0,7.0,0.429,0.426,1.2,1.5,0.821,0.4,2.5,2.9,6.2,1.4,0.4,2.3,2.9,10.3,3.175784661670461
232,Jaden Ivey,SG,20,DET,74,73,31.1,5.5,13.3,0.41600000000000004,1.6,4.7,0.34299999999999997,3.9,8.6,0.457,0.47700000000000004,3.6,4.8,0.747,1.0,2.9,3.9,5.2,0.8,0.2,3.2,3.3,16.3,3.0334561132318565
416,Mitchell Robinson,C,24,NYK,59,58,27.0,3.2,4.7,0.6709999999999999,0.0,0.0,,3.2,4.7,0.6709999999999999,0.6709999999999999,1.0,2.1,0.484,4.5,4.9,9.4,0.9,0.9,1.8,0.7,2.7,7.4,3.007779668609873
388,Jordan Poole,PG,23,GSW,82,43,30.0,6.7,15.6,0.43,2.6,7.8,0.336,4.1,7.8,0.524,0.514,4.4,5.1,0.87,0.4,2.4,2.7,4.5,0.8,0.3,3.1,2.6,20.4,2.9091314032345297
10,Kyle Anderson,PF,29,MIN,69,46,28.4,3.7,7.2,0.509,0.6,1.5,0.41,3.0,5.7,0.536,0.5529999999999999,1.4,2.0,0.735,1.0,4.4,5.3,4.9,1.1,0.9,1.5,2.1,9.4,2.8597774061158483
376,Kelly Olynyk,C,31,UTA,68,68,28.6,4.1,8.2,0.499,1.4,3.5,0.39399999999999996,2.7,4.7,0.5760000000000001,0.583,2.9,3.4,0.853,1.2,5.0,6.2,3.7,0.9,0.5,2.5,3.4,12.5,2.854482222921837
58,Mikal Bridges,SF-SG,26,TOT,83,83,35.7,7.1,15.3,0.46799999999999997,2.0,5.3,0.382,5.1,9.9,0.514,0.535,3.8,4.3,0.895,1.0,3.4,4.4,3.3,1.1,0.7,1.5,1.9,20.1,2.8385677335186026
317,Skylar Mays,PG,25,POR,6,6,31.5,5.7,11.3,0.5,2.0,4.3,0.462,3.7,7.0,0.524,0.588,2.0,2.2,0.9229999999999999,0.3,2.8,3.2,8.3,1.0,0.2,1.7,1.8,15.3,2.8263103317204483
265,Walker Kessler,C,21,UTA,74,40,23.0,4.0,5.6,0.72,0.0,0.0,0.33299999999999996,4.0,5.6,0.723,0.721,1.1,2.1,0.516,3.1,5.3,8.4,0.9,0.4,2.3,0.8,2.3,9.2,2.8108904244612343
208,Tyler Herro,SG,23,MIA,67,67,34.9,7.3,16.6,0.439,3.0,8.0,0.37799999999999995,4.2,8.5,0.49700000000000005,0.531,2.5,2.7,0.934,0.4,5.0,5.4,4.2,0.8,0.2,2.4,1.5,20.1,2.8089198946009573
136,Kris Dunn,PG,28,UTA,22,3,25.8,5.3,9.8,0.537,0.8,1.6,0.47200000000000003,4.5,8.2,0.55,0.5760000000000001,1.9,2.4,0.774,0.4,4.1,4.5,5.6,1.1,0.5,1.6,2.6,13.2,2.606009596885699
81,Clint Capela,C,28,ATL,65,63,26.6,5.4,8.2,0.653,0.0,0.0,0.0,5.4,8.2,0.654,0.653,1.2,2.0,0.603,4.0,7.1,11.0,0.9,0.7,1.2,0.8,2.1,12.0,2.5644354432559293
518,Jalen Williams,SG,21,OKC,75,62,30.3,5.5,10.6,0.521,1.0,2.7,0.35600000000000004,4.5,7.9,0.579,0.5670000000000001,2.1,2.5,0.812,1.1,3.4,4.5,3.3,1.4,0.5,1.6,2.5,14.1,2.419788399738938
513,Andrew Wiggins,SF,27,GSW,37,37,32.2,6.8,14.3,0.473,2.4,6.1,0.396,4.4,8.2,0.53,0.557,1.2,1.9,0.611,1.6,3.4,5.0,2.3,1.2,0.8,1.3,2.9,17.1,2.4160919763218427
169,Aaron Gordon,PF,27,DEN,68,68,30.2,6.3,11.2,0.564,0.9,2.5,0.34700000000000003,5.4,8.6,0.628,0.603,2.8,4.6,0.608,2.4,4.1,6.6,3.0,0.8,0.8,1.4,1.9,16.3,2.3800024979868004
177,Jalen Green,SG,20,HOU,76,76,34.2,7.4,17.9,0.41600000000000004,2.5,7.3,0.33799999999999997,5.0,10.6,0.47100000000000003,0.485,4.8,6.1,0.7859999999999999,0.6,3.2,3.7,3.7,0.8,0.2,2.6,1.7,22.1,2.369924159277963
500,P.J. Washington,PF,24,CHO,73,73,32.6,5.9,13.4,0.444,2.0,5.9,0.348,3.9,7.5,0.518,0.52,1.7,2.4,0.73,1.0,3.9,4.9,2.4,0.9,1.1,1.5,2.6,15.7,2.3555642637212375
93,Jordan Clarkson,SG,30,UTA,61,61,32.6,7.5,16.9,0.444,2.5,7.5,0.33799999999999997,5.0,9.4,0.53,0.519,3.3,4.0,0.816,1.2,2.9,4.0,4.4,0.5,0.2,3.0,2.0,20.8,2.322674693700633
199,Josh Hart,SF,27,TOT,76,52,32.3,3.6,6.8,0.529,0.8,2.2,0.37200000000000005,2.8,4.7,0.601,0.588,1.7,2.3,0.75,1.9,5.9,7.8,3.8,1.2,0.3,1.5,2.6,9.8,2.313147131824278
172,Jerami Grant,PF,28,POR,63,63,35.7,6.9,14.5,0.475,2.3,5.7,0.401,4.6,8.8,0.523,0.5539999999999999,4.4,5.4,0.813,0.8,3.7,4.5,2.4,0.8,0.8,1.8,2.4,20.5,2.2944135344916043
531,Christian Wood,C,27,DAL,67,17,25.9,5.9,11.5,0.515,1.6,4.2,0.376,4.3,7.3,0.594,0.583,3.2,4.2,0.772,1.3,6.0,7.3,1.8,0.4,1.1,1.8,2.5,16.6,2.260890418247896
255,Tre Jones,PG,23,SAS,68,65,29.2,5.0,10.9,0.45899999999999996,0.7,2.3,0.285,4.4,8.6,0.506,0.489,2.2,2.5,0.86,0.8,2.8,3.6,6.6,1.3,0.1,1.6,1.4,12.9,2.247919481431702
539,Ivica Zubac,C,25,LAC,76,76,28.6,4.3,6.8,0.634,0.0,0.0,0.0,4.3,6.7,0.637,0.634,2.2,3.1,0.6970000000000001,3.1,6.8,9.9,1.0,0.4,1.3,1.5,2.9,10.8,2.2279985730456886
483,Jonas Valan?i?nas,C,30,NOP,79,79,24.9,5.6,10.3,0.547,0.5,1.4,0.349,5.2,8.9,0.5770000000000001,0.57,2.3,2.8,0.826,2.8,7.3,10.2,1.8,0.3,0.7,2.0,3.1,14.1,2.1650241687880944
123,Spencer Dinwiddie,SG-PG,29,TOT,79,79,34.5,5.8,13.3,0.43799999999999994,2.3,6.2,0.369,3.5,7.1,0.498,0.524,3.4,4.2,0.812,0.4,3.1,3.4,6.5,0.8,0.3,1.8,2.4,17.3,2.1549321583163454
84,Wendell Carter Jr.,C,23,ORL,57,54,29.6,5.6,10.8,0.525,1.4,3.9,0.35600000000000004,4.2,6.8,0.624,0.591,2.5,3.4,0.738,2.1,6.6,8.7,2.3,0.5,0.6,1.9,2.8,15.2,2.104959709218755
379,Kelly Oubre Jr.,SF,27,CHO,48,40,32.3,7.4,17.1,0.431,2.3,7.1,0.319,5.1,10.0,0.51,0.49700000000000005,3.3,4.3,0.76,1.4,3.8,5.2,1.1,1.4,0.4,1.3,2.9,20.3,1.9896740289545176
209,Buddy Hield,SF,30,IND,80,73,31.0,5.9,13.0,0.45799999999999996,3.6,8.5,0.425,2.3,4.5,0.518,0.596,1.3,1.6,0.8220000000000001,0.8,4.2,5.0,2.8,1.2,0.3,1.7,2.0,16.8,1.9120275936487383
491,Franz Wagner,SF,21,ORL,80,80,32.6,6.8,14.0,0.485,1.6,4.5,0.361,5.2,9.5,0.544,0.5429999999999999,3.4,4.0,0.8420000000000001,0.9,3.2,4.1,3.5,1.0,0.2,2.1,2.3,18.6,1.8464846637626262
486,Devin Vassell,SG,22,SAS,38,32,31.0,6.9,15.7,0.439,2.7,7.0,0.387,4.2,8.7,0.48,0.525,2.1,2.6,0.78,0.2,3.7,3.9,3.6,1.1,0.4,1.5,1.5,18.5,1.8127023302122494
300,Kyle Lowry,PG,36,MIA,55,44,31.2,3.6,8.8,0.40399999999999997,1.9,5.6,0.345,1.6,3.2,0.509,0.514,2.1,2.5,0.8590000000000001,0.8,3.3,4.1,5.1,1.0,0.4,1.9,2.6,11.2,1.7377454919120854
97,Zach Collins,C,25,SAS,63,26,22.9,4.5,8.7,0.518,0.9,2.3,0.374,3.6,6.4,0.5710000000000001,0.568,1.7,2.3,0.7609999999999999,1.8,4.5,6.4,2.9,0.6,0.8,2.0,3.2,11.6,1.714277662493518
385,Mason Plumlee,C,32,TOT,79,60,26.0,4.2,6.1,0.68,0.0,0.0,,4.2,6.1,0.68,0.68,2.5,4.0,0.636,2.9,6.0,8.9,3.1,0.6,0.6,1.5,2.7,10.8,1.7003665001086083
246,Keldon Johnson,SF,23,SAS,63,63,32.7,8.0,17.7,0.452,2.1,6.5,0.32899999999999996,5.9,11.2,0.523,0.512,3.9,5.2,0.7490000000000001,0.9,4.2,5.0,2.9,0.7,0.2,2.1,2.0,22.0,1.655582919317577
450,Dennis Smith Jr.,PG,25,CHO,54,15,25.7,3.4,8.4,0.41200000000000003,0.4,2.1,0.21600000000000003,3.0,6.3,0.475,0.43799999999999994,1.4,2.0,0.736,0.5,2.6,3.1,4.8,1.4,0.5,1.5,2.3,8.8,1.618992031860342
253,Herbert Jones,PF,24,NOP,66,66,29.6,3.6,7.6,0.469,0.8,2.5,0.335,2.7,5.1,0.536,0.525,1.9,2.4,0.764,1.5,2.6,4.1,2.5,1.6,0.6,1.3,3.2,9.8,1.6103936625830295
375,Victor Oladipo,SG,30,MIA,42,2,26.3,3.8,9.6,0.397,1.7,5.0,0.33,2.1,4.5,0.47100000000000003,0.484,1.4,1.9,0.747,0.4,2.7,3.0,3.5,1.4,0.3,2.1,2.4,10.7,1.475999918271541
524,Robert Williams,C,25,BOS,35,20,23.5,3.6,4.9,0.747,0.0,0.0,0.0,3.6,4.8,0.7509999999999999,0.747,0.7,1.2,0.61,3.0,5.4,8.3,1.4,0.6,1.4,1.0,1.9,8.0,1.473054856348114
329,De'Anthony Melton,SG,24,PHI,77,58,27.9,3.6,8.5,0.425,2.0,5.2,0.39,1.6,3.2,0.484,0.546,0.9,1.1,0.7929999999999999,0.9,3.2,4.1,2.6,1.6,0.5,1.3,2.5,10.1,1.4679252658149868
332,Khris Middleton,SF,31,MIL,33,19,24.3,5.4,12.3,0.436,1.5,4.9,0.315,3.8,7.4,0.516,0.499,2.8,3.1,0.902,0.8,3.4,4.2,4.9,0.7,0.2,2.2,2.1,15.1,1.3587693344627776
99,Mike Conley,PG,35,TOT,67,66,30.3,3.9,9.1,0.428,2.0,5.2,0.385,1.9,3.9,0.486,0.539,2.1,2.5,0.8340000000000001,0.5,2.2,2.7,6.7,1.1,0.2,1.5,2.1,11.9,1.3324810931687139
138,Jalen Duren,C,19,DET,67,31,24.9,3.9,5.9,0.648,0.0,0.0,0.0,3.9,5.9,0.652,0.648,1.4,2.3,0.611,3.4,5.5,8.9,1.1,0.7,0.9,1.4,2.7,9.1,1.3191816205827709
497,John Wall,PG,32,LAC,34,3,22.2,4.1,9.9,0.408,1.0,3.2,0.303,3.1,6.7,0.45899999999999996,0.457,2.3,3.3,0.6809999999999999,0.4,2.3,2.7,5.2,0.8,0.4,2.4,1.7,11.4,1.2742105067740341
62,Bruce Brown,SF,26,DEN,80,31,28.5,4.5,9.3,0.483,1.1,3.2,0.358,3.3,6.1,0.5479999999999999,0.545,1.5,1.9,0.758,0.8,3.3,4.1,3.4,1.1,0.6,1.5,2.4,11.5,1.209415134660191
372,Onyeka Okongwu,C,22,ATL,80,18,23.1,4.0,6.2,0.638,0.1,0.2,0.308,3.9,6.1,0.647,0.642,1.9,2.5,0.7809999999999999,2.7,4.5,7.2,1.0,0.7,1.3,1.0,3.1,9.9,1.1190117253066256
471,Klay Thompson,SF,32,GSW,69,69,33.0,7.9,18.1,0.436,4.4,10.6,0.41200000000000003,3.6,7.6,0.47,0.556,1.7,1.9,0.879,0.6,3.6,4.1,2.4,0.7,0.4,1.8,1.9,21.9,1.1159707338546623
447,Anfernee Simons,SG,23,POR,62,62,35.0,7.5,16.9,0.447,3.4,9.1,0.377,4.1,7.8,0.528,0.5479999999999999,2.6,2.9,0.894,0.3,2.3,2.6,4.1,0.7,0.2,2.1,2.3,21.1,1.063575841897457
532,Delon Wright,PG,30,WAS,50,14,24.4,2.8,5.8,0.474,0.8,2.4,0.345,1.9,3.4,0.564,0.545,1.0,1.2,0.867,1.2,2.4,3.6,3.9,1.8,0.3,0.9,1.2,7.4,1.0574332479221344
205,Gordon Hayward,SF,32,CHO,50,50,31.5,5.5,11.6,0.475,1.0,3.2,0.325,4.5,8.4,0.532,0.52,2.6,3.2,0.8109999999999999,0.7,3.6,4.3,4.1,0.8,0.2,2.0,1.4,14.7,0.9758855738850539
461,Jalen Suggs,SG,21,ORL,53,19,23.5,3.5,8.4,0.419,1.2,3.8,0.327,2.3,4.6,0.496,0.493,1.6,2.2,0.723,1.0,2.0,3.0,2.9,1.3,0.5,1.8,2.3,9.9,0.903504457149862
369,Royce O'Neale,SF,29,BRK,76,53,31.7,3.0,7.8,0.386,2.1,5.5,0.389,0.9,2.3,0.379,0.524,0.7,0.9,0.725,0.7,4.3,5.1,3.7,0.9,0.6,1.5,3.1,8.8,0.8430325741671866
197,Tobias Harris,SF,30,PHI,74,74,32.9,5.7,11.4,0.501,1.7,4.4,0.389,4.0,7.0,0.57,0.575,1.5,1.7,0.8759999999999999,0.9,4.8,5.7,2.5,0.9,0.5,1.2,2.0,14.7,0.8146935826462008
322,Jaden McDaniels,SF,22,MIN,79,79,30.6,4.7,9.1,0.517,1.4,3.4,0.39799999999999996,3.3,5.7,0.588,0.591,1.3,1.8,0.736,1.2,2.7,3.9,1.9,0.9,1.0,1.4,3.4,12.1,0.7685577790524972
267,Louis King,PF,23,PHI,1,0,29.0,8.0,13.0,0.615,4.0,8.0,0.5,4.0,5.0,0.8,0.769,0.0,1.0,0.0,2.0,2.0,4.0,2.0,1.0,0.0,2.0,4.0,20.0,0.6846233788689589
16,Deni Avdija,SF,22,WAS,76,40,26.6,3.3,7.6,0.43700000000000006,0.9,3.1,0.297,2.4,4.6,0.53,0.49700000000000005,1.6,2.2,0.7390000000000001,1.0,5.4,6.4,2.8,0.9,0.4,1.6,2.8,9.2,0.673699369602333
46,Bojan Bogdanovi?,PF,33,DET,59,59,32.1,7.3,14.9,0.488,2.5,6.0,0.41100000000000003,4.8,9.0,0.539,0.57,4.5,5.1,0.884,0.6,3.2,3.8,2.6,0.6,0.1,2.3,1.9,21.6,0.6606656467588292
509,Derrick White,SG,28,BOS,82,70,28.3,4.3,9.2,0.462,1.8,4.8,0.381,2.5,4.5,0.5479999999999999,0.56,2.0,2.3,0.875,0.6,2.9,3.6,3.9,0.7,0.9,1.2,2.2,12.4,0.6499075089824922
124,Donte DiVincenzo,SG,26,GSW,72,36,26.3,3.3,7.5,0.435,2.1,5.3,0.397,1.2,2.3,0.525,0.574,0.8,1.0,0.8170000000000001,1.1,3.4,4.5,3.5,1.3,0.1,1.6,1.8,9.4,0.5840383721586169
453,Jabari Smith Jr.,PF,19,HOU,79,79,31.0,4.6,11.3,0.408,1.5,4.9,0.307,3.1,6.3,0.48700000000000004,0.475,2.1,2.6,0.7859999999999999,1.5,5.7,7.2,1.3,0.5,0.9,1.3,2.9,12.8,0.5837260385357299
321,T.J. McConnell,PG,30,IND,75,6,20.3,3.8,6.9,0.5429999999999999,0.3,0.8,0.441,3.4,6.2,0.556,0.568,0.8,0.9,0.853,0.6,2.5,3.1,5.3,1.1,0.1,1.9,1.4,8.7,0.576767138878778
484,Jarred Vanderbilt,PF,23,TOT,78,65,24.1,3.2,5.8,0.5479999999999999,0.4,1.2,0.322,2.8,4.6,0.604,0.58,1.2,1.8,0.691,2.2,5.3,7.5,2.4,1.1,0.3,1.2,2.4,7.9,0.5751713275012981
290,Caris LeVert,SG,28,CLE,74,30,30.2,4.3,10.0,0.431,1.7,4.4,0.392,2.6,5.6,0.462,0.517,1.8,2.4,0.722,0.7,3.1,3.8,3.9,1.0,0.3,1.6,2.3,12.1,0.5559883822378354
29,RJ Barrett,SG,22,NYK,73,73,33.9,7.0,16.1,0.434,1.7,5.3,0.31,5.3,10.8,0.495,0.485,4.0,5.4,0.74,0.8,4.2,5.0,2.8,0.4,0.2,2.2,2.5,19.6,0.5554954066686475
96,John Collins,PF,25,ATL,71,71,30.0,5.1,10.0,0.508,1.0,3.4,0.292,4.1,6.6,0.619,0.557,2.0,2.5,0.8029999999999999,1.1,5.4,6.5,1.2,0.6,1.0,1.1,3.1,13.1,0.5404649037864196
139,Tari Eason,PF,21,HOU,82,5,21.5,3.6,8.0,0.44799999999999995,0.7,2.1,0.34299999999999997,2.9,6.0,0.486,0.493,1.3,1.8,0.752,2.4,3.7,6.0,1.1,1.2,0.6,1.2,2.3,9.3,0.47816241679410926
13,Cole Anthony,PG,22,ORL,60,4,25.9,4.6,10.2,0.45399999999999996,1.3,3.4,0.364,3.4,6.7,0.5,0.516,2.5,2.8,0.894,0.8,4.0,4.8,3.9,0.6,0.5,1.5,2.6,13.0,0.4075185430640442
86,Alex Caruso,PG,28,CHI,67,36,23.5,1.9,4.3,0.455,0.8,2.3,0.364,1.1,2.0,0.556,0.551,0.9,1.1,0.8079999999999999,0.6,2.3,2.9,2.9,1.5,0.7,1.1,2.4,5.6,0.37213061006842696
78,Kentavious Caldwell-Pope,SG,29,DEN,76,76,31.3,3.8,8.3,0.462,1.8,4.2,0.423,2.1,4.1,0.502,0.569,1.4,1.6,0.8240000000000001,0.5,2.3,2.7,2.4,1.5,0.5,1.1,1.9,10.8,0.35744069094822933
387,Aleksej Pokusevski,PF,21,OKC,34,25,20.6,3.2,7.3,0.434,1.1,3.1,0.365,2.1,4.3,0.483,0.51,0.6,1.0,0.629,1.3,3.4,4.7,1.9,0.6,1.3,1.3,1.7,8.1,0.2923445789216714
222,Kevin Huerter,SG,24,SAC,75,75,29.4,5.6,11.5,0.485,2.7,6.8,0.402,2.9,4.7,0.604,0.603,1.3,1.7,0.725,0.6,2.8,3.3,2.9,1.1,0.3,1.3,2.4,15.2,0.22658045063886362
403,Immanuel Quickley,SG,23,NYK,81,21,28.9,5.2,11.6,0.44799999999999995,2.1,5.6,0.37,3.1,6.0,0.521,0.537,2.5,3.1,0.8190000000000001,0.7,3.4,4.2,3.4,1.0,0.2,1.2,2.0,14.9,0.1913223275778853
456,Jeremy Sochan,PF,19,SAS,56,53,26.0,4.5,9.9,0.45299999999999996,0.6,2.4,0.24600000000000002,3.9,7.5,0.519,0.483,1.4,2.1,0.698,1.7,3.6,5.3,2.5,0.8,0.4,1.7,2.5,11.0,0.17416046663941598
459,Isaiah Stewart,C,21,DET,50,47,28.3,3.9,8.8,0.442,1.3,4.1,0.327,2.6,4.7,0.542,0.518,2.2,3.0,0.738,2.3,5.8,8.1,1.4,0.4,0.7,1.4,2.7,11.3,0.17321487360906415
529,Justise Winslow,PF,26,POR,29,11,26.8,2.8,6.8,0.409,0.5,1.6,0.311,2.3,5.3,0.43799999999999994,0.444,0.7,1.0,0.7140000000000001,1.7,3.3,5.0,3.4,1.0,0.4,1.5,3.1,6.8,0.1415503529757397
60,Malcolm Brogdon,PG,30,BOS,67,0,26.0,5.3,10.9,0.484,2.0,4.4,0.444,3.3,6.5,0.51,0.574,2.4,2.7,0.87,0.6,3.6,4.2,3.7,0.7,0.3,1.5,1.6,14.9,0.13190386645730562
479,Gary Trent Jr.,SG,24,TOR,66,44,32.1,6.1,14.2,0.433,2.5,6.8,0.369,3.6,7.3,0.493,0.522,2.6,3.1,0.8390000000000001,0.5,2.2,2.6,1.6,1.6,0.2,0.8,1.5,17.4,0.1217242683496026
47,Bol Bol,PF,23,ORL,70,33,21.5,3.7,6.8,0.546,0.4,1.6,0.265,3.3,5.2,0.633,0.5770000000000001,1.2,1.5,0.759,1.0,4.8,5.8,1.0,0.4,1.2,1.6,1.3,9.1,0.06871762415167304
243,Cameron Johnson,PF,26,TOT,42,41,28.5,5.3,11.3,0.47,2.5,6.1,0.40399999999999997,2.9,5.2,0.5479999999999999,0.579,2.4,2.9,0.8420000000000001,0.8,3.6,4.4,1.9,1.2,0.3,0.9,2.0,15.5,0.04590676849690761
217,Al Horford,C,36,BOS,63,63,30.5,3.6,7.6,0.47600000000000003,2.3,5.2,0.446,1.3,2.4,0.539,0.627,0.2,0.3,0.7140000000000001,1.2,5.0,6.2,3.0,0.5,1.0,0.6,1.9,9.8,-0.08094959148134129
398,Joshua Primo,SG,20,SAS,4,0,23.3,2.3,6.5,0.34600000000000003,0.8,3.0,0.25,1.5,3.5,0.429,0.40399999999999997,1.8,2.3,0.778,0.5,2.8,3.3,4.5,0.3,0.5,2.8,2.0,7.0,-0.10229366917909444
392,Bobby Portis,PF,27,MIL,70,22,26.0,5.7,11.5,0.496,1.4,3.7,0.37,4.3,7.8,0.555,0.555,1.4,1.8,0.768,2.2,7.4,9.6,1.5,0.4,0.2,1.2,1.6,14.1,-0.12617611643317528
316,Tyrese Maxey,SG,22,PHI,60,41,33.6,7.3,15.2,0.48100000000000004,2.7,6.2,0.434,4.7,9.1,0.513,0.568,3.0,3.6,0.845,0.4,2.6,2.9,3.5,0.8,0.1,1.3,2.2,20.3,-0.15617914499514285
522,Mark Williams,C,21,CHO,43,17,19.3,3.7,5.8,0.637,0.0,0.0,,3.7,5.8,0.637,0.637,1.6,2.3,0.691,2.2,4.9,7.1,0.4,0.7,1.0,0.9,2.2,9.0,-0.1887113546798902
296,Kevon Looney,C,26,GSW,82,70,23.9,3.0,4.7,0.63,0.0,0.0,0.0,3.0,4.7,0.632,0.63,1.1,1.9,0.606,3.3,5.9,9.3,2.5,0.6,0.6,0.5,2.7,7.0,-0.20566278502062507
127,Luguentz Dort,SF,23,OKC,74,73,30.7,4.6,11.8,0.38799999999999996,1.8,5.5,0.33,2.8,6.3,0.44,0.466,2.7,3.5,0.772,1.7,2.9,4.6,2.1,1.0,0.3,1.2,3.3,13.7,-0.21853140035500632
434,Dennis Schröder,PG,29,LAL,66,50,30.1,4.1,9.8,0.415,1.1,3.4,0.32899999999999996,3.0,6.4,0.461,0.47200000000000003,3.3,3.8,0.857,0.3,2.2,2.5,4.5,0.8,0.2,1.7,2.2,12.6,-0.2926767268958431
523,Patrick Williams,PF,21,CHI,82,65,28.3,3.8,8.3,0.46399999999999997,1.4,3.4,0.415,2.4,4.9,0.498,0.5489999999999999,1.1,1.3,0.857,1.0,3.0,4.0,1.2,0.9,0.9,1.2,1.8,10.2,-0.29971668826466047
156,Daniel Gafford,C,24,WAS,78,47,20.6,3.7,5.1,0.732,0.0,0.0,,3.7,5.1,0.732,0.732,1.6,2.4,0.679,2.1,3.5,5.6,1.1,0.4,1.3,1.1,2.4,9.0,-0.3503452031206684
357,Andrew Nembhard,SG,23,IND,75,63,27.6,3.8,8.6,0.441,1.2,3.5,0.35,2.6,5.1,0.504,0.512,0.7,0.8,0.79,0.5,2.2,2.7,4.5,0.9,0.2,1.7,2.4,9.5,-0.40940920176481715
218,Talen Horton-Tucker,SG,22,UTA,65,20,20.2,4.0,9.4,0.419,0.9,3.1,0.28600000000000003,3.1,6.3,0.485,0.467,1.9,2.6,0.75,0.6,2.6,3.2,3.8,0.6,0.4,1.9,1.7,10.7,-0.4428110593475163
342,Malik Monk,SG,24,SAC,77,0,22.3,4.6,10.3,0.44799999999999995,1.9,5.2,0.359,2.8,5.2,0.5379999999999999,0.5379999999999999,2.4,2.7,0.889,0.4,2.2,2.6,3.9,0.6,0.3,1.9,1.6,13.5,-0.46534462947638033
390,Michael Porter Jr.,SF,24,DEN,62,62,29.0,6.4,13.2,0.48700000000000004,3.0,7.3,0.414,3.4,5.9,0.579,0.602,1.5,1.9,0.8,1.0,4.5,5.5,1.0,0.6,0.5,1.1,1.9,17.4,-0.523931713544727
396,Norman Powell,SG,29,LAC,60,8,26.1,5.7,11.8,0.479,1.9,4.8,0.397,3.8,7.1,0.534,0.5589999999999999,3.8,4.6,0.812,0.4,2.5,2.9,1.8,0.8,0.3,1.7,2.1,17.0,-0.5365935647868804
410,Naz Reid,C,23,MIN,68,11,18.4,4.6,8.5,0.537,1.1,3.2,0.34600000000000003,3.5,5.3,0.653,0.602,1.3,1.9,0.677,1.1,3.8,4.9,1.1,0.6,0.8,1.4,2.6,11.5,-0.561120621956304
350,Trey Murphy III,SF,22,NOP,79,65,31.0,4.9,10.1,0.484,2.6,6.3,0.406,2.3,3.8,0.611,0.61,2.2,2.4,0.905,0.7,2.8,3.6,1.4,1.1,0.5,0.8,2.0,14.5,-0.6147035734053257
144,Drew Eubanks,C,25,POR,78,28,20.3,2.7,4.3,0.6409999999999999,0.1,0.2,0.389,2.7,4.1,0.655,0.6509999999999999,1.1,1.6,0.664,1.7,3.7,5.4,1.3,0.5,1.3,0.9,2.2,6.6,-0.6775032982848094
61,Dillon Brooks,SF,27,MEM,73,73,30.3,5.4,13.6,0.396,2.0,6.0,0.326,3.4,7.6,0.451,0.46799999999999997,1.6,2.1,0.779,0.6,2.7,3.3,2.6,0.9,0.2,1.4,3.3,14.3,-0.7117782888950803
314,Bennedict Mathurin,SG,20,IND,78,17,28.5,5.3,12.2,0.434,1.3,4.0,0.32299999999999995,4.0,8.2,0.488,0.48700000000000004,4.8,5.8,0.828,1.1,3.0,4.1,1.5,0.6,0.2,1.9,2.1,16.7,-0.740856766841371
19,Marvin Bagley III,C,23,DET,42,25,23.6,4.8,9.1,0.529,0.5,1.6,0.28800000000000003,4.4,7.5,0.579,0.5539999999999999,1.9,2.6,0.75,2.2,4.2,6.4,0.9,0.5,0.7,1.1,1.9,12.0,-0.7984357150184954
234,Isaiah Jackson,C,21,IND,63,12,16.5,2.8,5.0,0.563,0.0,0.2,0.14300000000000002,2.8,4.8,0.5820000000000001,0.5660000000000001,1.5,2.3,0.6509999999999999,1.8,2.7,4.5,0.8,0.5,1.5,0.8,2.4,7.2,-0.8691695319665408
309,Caleb Martin,SF,27,MIA,71,49,29.3,3.6,7.7,0.46399999999999997,1.2,3.3,0.35600000000000004,2.4,4.4,0.545,0.54,1.3,1.6,0.805,1.2,3.6,4.8,1.6,1.0,0.4,1.1,2.0,9.6,-0.8851371447307406
413,Josh Richardson,SG,29,TOT,65,10,23.5,3.7,8.5,0.431,1.6,4.5,0.365,2.0,4.0,0.506,0.528,1.1,1.2,0.852,0.6,2.1,2.7,2.7,1.1,0.3,1.3,1.8,10.1,-0.9097669965035298
429,Luka amani?,PF,23,UTA,7,4,23.0,3.7,8.1,0.456,1.1,4.4,0.258,2.6,3.7,0.6920000000000001,0.526,1.3,1.9,0.6920000000000001,0.0,4.3,4.3,2.1,0.9,0.3,1.4,2.4,9.9,-0.9554392497447719
256,Tyus Jones,PG,26,MEM,80,22,24.3,3.9,8.9,0.43799999999999994,1.5,4.1,0.371,2.4,4.8,0.495,0.523,1.0,1.3,0.8,0.4,2.2,2.5,5.2,1.0,0.1,0.9,0.4,10.3,-0.9645795903622892
349,Monte Morris,PG,27,WAS,62,61,27.3,4.0,8.3,0.48,1.3,3.3,0.382,2.7,5.0,0.5429999999999999,0.555,1.0,1.2,0.831,0.4,3.0,3.4,5.3,0.7,0.2,1.0,1.2,10.3,-0.9719559095472508
323,Jalen McDaniels,SF,25,TOT,80,24,23.9,3.5,7.7,0.455,1.0,2.9,0.332,2.6,4.8,0.53,0.518,1.5,1.7,0.841,0.8,3.5,4.3,1.6,1.0,0.4,1.2,2.6,9.4,-1.0124844163202644
45,Bogdan Bogdanovi?,SG,30,ATL,54,9,27.9,5.1,11.3,0.447,2.7,6.7,0.406,2.4,4.6,0.506,0.5660000000000001,1.2,1.4,0.831,0.4,2.6,3.1,2.8,0.8,0.3,1.2,1.6,14.0,-1.0189366374464375
381,Cameron Payne,PG,28,PHO,48,15,20.2,3.9,9.4,0.415,1.4,3.9,0.368,2.5,5.6,0.44799999999999995,0.49,1.0,1.3,0.7659999999999999,0.3,2.0,2.2,4.5,0.7,0.2,1.7,1.8,10.3,-1.0422956951700524
92,Brandon Clarke,PF,26,MEM,56,8,19.5,4.1,6.2,0.6559999999999999,0.0,0.1,0.16699999999999998,4.1,6.1,0.665,0.6579999999999999,1.8,2.4,0.723,1.6,3.9,5.5,1.3,0.6,0.7,1.0,2.3,10.0,-1.1503197101825864
39,Patrick Beverley,SG-PG,34,TOT,67,67,27.1,2.1,5.4,0.4,1.2,3.6,0.335,1.0,1.8,0.529,0.511,0.7,1.0,0.723,0.7,3.0,3.7,2.9,0.9,0.6,0.9,2.8,6.2,-1.2788205482135682
40,Saddiq Bey,SF,23,TOT,77,37,27.6,4.6,10.9,0.42200000000000004,2.0,5.4,0.361,2.6,5.4,0.483,0.513,2.7,3.1,0.861,1.3,3.4,4.7,1.5,0.9,0.2,0.9,1.6,13.8,-1.32222720231888
9,Jose Alvarado,PG,24,NOP,61,10,21.5,3.3,8.0,0.41100000000000003,1.4,4.0,0.336,1.9,4.0,0.488,0.496,1.1,1.3,0.813,0.5,1.9,2.3,3.0,1.1,0.2,1.3,2.0,9.0,-1.3413775763814066
356,Larry Nance Jr.,C,30,NOP,65,1,21.2,2.9,4.7,0.61,0.2,0.6,0.33299999999999996,2.6,4.0,0.654,0.633,0.8,1.2,0.696,1.6,3.8,5.4,1.8,0.9,0.6,0.6,2.0,6.8,-1.3498647985032193
406,Austin Reaves,SG,24,LAL,64,22,28.8,4.0,7.7,0.529,1.3,3.4,0.39799999999999996,2.7,4.3,0.631,0.616,3.6,4.1,0.8640000000000001,0.5,2.5,3.0,3.4,0.5,0.3,1.5,1.7,13.0,-1.364220807941484
103,Torrey Craig,PF,32,PHO,79,60,24.7,2.9,6.3,0.456,1.3,3.2,0.395,1.6,3.1,0.518,0.556,0.4,0.6,0.711,1.8,3.6,5.4,1.5,0.6,0.8,0.9,2.3,7.4,-1.375169104289178
225,Bones Hyland,PG,22,TOT,56,1,19.4,4.1,10.2,0.39899999999999997,2.1,5.6,0.371,2.0,4.6,0.434,0.502,1.5,1.8,0.843,0.4,2.1,2.4,3.1,0.7,0.3,1.5,1.7,11.8,-1.4181089470879555
353,Keegan Murray,SF,22,SAC,80,78,29.8,4.4,9.8,0.45299999999999996,2.6,6.3,0.41100000000000003,1.9,3.5,0.527,0.584,0.8,1.0,0.765,1.1,3.5,4.6,1.2,0.8,0.5,0.8,2.0,12.2,-1.4342693749550715
474,Xavier Tillman Sr.,C,24,MEM,61,29,19.3,3.1,5.0,0.614,0.1,0.2,0.267,3.0,4.8,0.632,0.621,0.8,1.5,0.551,2.0,3.0,5.0,1.6,1.0,0.5,0.7,1.6,7.0,-1.439598405574941
454,Jalen Smith,C,22,IND,68,31,18.8,3.6,7.5,0.47600000000000003,0.8,2.8,0.28300000000000003,2.8,4.7,0.593,0.53,1.5,2.0,0.759,1.9,3.9,5.8,1.0,0.3,0.9,1.1,2.3,9.4,-1.469252778945429
311,Kenyon Martin Jr.,SF,22,HOU,82,49,28.0,5.0,8.8,0.569,0.8,2.6,0.315,4.2,6.1,0.679,0.617,1.8,2.7,0.68,1.5,4.0,5.5,1.5,0.5,0.4,1.1,1.8,12.7,-1.5005401114937487
200,Isaiah Hartenstein,C,24,NYK,82,8,19.8,2.1,4.0,0.535,0.1,0.5,0.21600000000000003,2.0,3.5,0.5760000000000001,0.547,0.6,0.9,0.6759999999999999,2.5,4.0,6.5,1.2,0.6,0.8,0.8,2.6,5.0,-1.5302920646779383
438,Collin Sexton,PG,24,UTA,48,15,23.9,4.9,9.8,0.506,1.0,2.5,0.39299999999999996,3.9,7.2,0.546,0.5579999999999999,3.4,4.1,0.8190000000000001,0.8,1.4,2.2,2.9,0.6,0.1,1.8,2.3,14.3,-1.6036447556406277
1,Precious Achiuwa,C,23,TOR,55,12,20.7,3.6,7.3,0.485,0.5,2.0,0.26899999999999996,3.0,5.4,0.564,0.521,1.6,2.3,0.7020000000000001,1.8,4.1,6.0,0.9,0.6,0.5,1.1,1.9,9.2,-1.6050309769730622
412,Nick Richards,C,25,CHO,65,9,18.7,3.0,4.8,0.629,0.0,0.0,1.0,3.0,4.8,0.628,0.631,2.1,2.8,0.7490000000000001,2.3,4.1,6.4,0.6,0.2,1.1,0.9,2.4,8.2,-1.622847713600454
464,Jae'Sean Tate,SF,27,HOU,31,7,21.8,3.5,7.4,0.48,0.4,1.5,0.28300000000000003,3.1,5.9,0.53,0.509,1.6,2.2,0.725,1.3,2.5,3.8,2.7,0.7,0.2,1.5,3.4,9.1,-1.6541792064170355
146,Dorian Finney-Smith,PF,29,TOT,66,66,30.4,3.0,7.6,0.391,1.7,5.1,0.337,1.2,2.5,0.503,0.505,0.7,0.9,0.763,1.7,3.1,4.8,1.5,0.8,0.5,0.9,2.2,8.3,-1.6736070703415558
335,Justin Minaya,SF,23,POR,4,0,22.3,1.8,5.8,0.304,0.8,3.0,0.25,1.0,2.8,0.364,0.37,0.0,0.3,0.0,0.8,3.0,3.8,1.0,0.5,1.3,1.0,2.3,4.3,-1.7506703005735211
170,Eric Gordon,SG,34,TOT,69,58,28.5,4.2,9.5,0.446,1.9,5.2,0.371,2.3,4.3,0.535,0.547,2.1,2.5,0.821,0.2,1.7,1.9,2.7,0.6,0.4,1.5,1.1,12.4,-1.7719472902904898
277,Jonathan Kuminga,PF,20,GSW,67,16,20.8,3.9,7.4,0.525,0.8,2.2,0.37,3.1,5.2,0.59,0.579,1.3,2.1,0.652,1.0,2.4,3.4,1.9,0.6,0.5,1.4,2.3,9.9,-1.7765133397924298
302,Théo Maledon,PG,21,CHO,44,7,19.4,2.3,5.8,0.402,0.6,2.2,0.295,1.7,3.6,0.465,0.457,1.4,1.7,0.851,0.3,2.5,2.8,3.5,0.8,0.3,1.3,1.4,6.7,-1.7974794571981434
358,Aaron Nesmith,SF,23,IND,73,60,24.9,3.5,8.1,0.42700000000000005,1.6,4.3,0.366,1.9,3.8,0.496,0.525,1.6,1.9,0.838,0.8,2.9,3.8,1.3,0.8,0.5,1.0,3.2,10.1,-1.8119052477828095
224,De'Andre Hunter,SF,25,ATL,67,67,31.7,5.7,12.3,0.461,1.5,4.3,0.35,4.2,8.0,0.521,0.522,2.6,3.1,0.826,0.7,3.6,4.2,1.4,0.5,0.3,1.2,3.0,15.4,-1.8203859275574916
27,Harrison Barnes,PF,30,SAC,82,82,32.5,4.6,9.6,0.473,1.6,4.3,0.374,3.0,5.3,0.5529999999999999,0.556,4.3,5.0,0.847,1.1,3.4,4.5,1.6,0.7,0.1,1.0,1.3,15.0,-1.831197060422638
238,Reggie Jackson,PG,32,TOT,68,40,24.4,3.9,9.4,0.41100000000000003,1.4,4.2,0.33299999999999996,2.5,5.2,0.474,0.486,1.0,1.1,0.91,0.4,1.8,2.1,3.4,0.7,0.1,1.7,1.7,10.2,-1.8784080211457004
7,Grayson Allen,SG,27,MIL,72,70,27.4,3.4,7.7,0.44,2.0,5.1,0.39899999999999997,1.4,2.7,0.518,0.5710000000000001,1.6,1.8,0.905,0.8,2.4,3.3,2.3,0.9,0.2,1.0,1.6,10.4,-1.935916324592995
168,Jordan Goodwin,PG,24,WAS,62,7,17.8,2.5,5.7,0.44799999999999995,0.6,1.9,0.322,1.9,3.8,0.511,0.501,0.9,1.1,0.768,0.9,2.4,3.3,2.7,0.9,0.4,0.9,1.5,6.6,-1.9646390782397716
407,Cam Reddish,SF,23,TOT,40,20,24.8,3.5,7.8,0.446,1.1,3.6,0.313,2.4,4.2,0.56,0.518,1.6,1.9,0.853,0.5,1.8,2.2,1.4,1.0,0.4,1.2,1.8,9.7,-1.9785173459384517
184,Quentin Grimes,SG,22,NYK,71,66,29.9,4.0,8.5,0.46799999999999997,2.2,5.7,0.386,1.8,2.7,0.6409999999999999,0.599,1.1,1.4,0.7959999999999999,0.7,2.5,3.2,2.1,0.7,0.4,1.0,2.5,11.3,-2.003191164408438
51,Chris Boucher,PF,30,TOR,76,0,20.0,3.4,7.0,0.493,0.8,2.5,0.32799999999999996,2.6,4.5,0.585,0.552,1.7,2.2,0.762,2.1,3.5,5.5,0.4,0.6,0.8,0.5,1.9,9.4,-2.0495591844659917
120,Hamidou Diallo,SF,24,DET,56,0,17.8,3.8,6.7,0.573,0.1,0.4,0.23800000000000002,3.8,6.3,0.593,0.58,1.6,2.6,0.588,1.0,2.4,3.5,1.0,0.9,0.3,1.3,2.2,9.3,-2.0556162365800756
128,Ayo Dosunmu,SG,23,CHI,80,51,26.2,3.5,7.1,0.493,0.7,2.4,0.312,2.8,4.8,0.583,0.545,0.8,1.0,0.805,0.6,2.2,2.8,2.6,0.8,0.3,1.2,2.3,8.6,-2.0704910018848284
308,Naji Marshall,SF,25,NOP,77,21,23.3,3.2,7.4,0.433,0.9,2.8,0.303,2.4,4.6,0.513,0.49,1.8,2.3,0.789,0.6,3.0,3.6,2.5,0.7,0.2,1.3,1.5,9.1,-2.0806624508444638
319,Mac McClung,SG,24,PHI,2,0,20.5,4.5,10.0,0.45,2.0,5.5,0.364,2.5,4.5,0.556,0.55,1.5,2.5,0.6,1.5,3.5,5.0,4.5,0.0,0.0,1.5,1.5,12.5,-2.085314200518773
5,Santi Aldama,PF,22,MEM,77,20,21.8,3.2,6.8,0.47,1.2,3.5,0.353,2.0,3.4,0.591,0.56,1.4,1.9,0.75,1.1,3.7,4.8,1.3,0.6,0.6,0.8,1.9,9.0,-2.085777048185643
72,Alec Burks,SG,31,DET,51,8,22.0,3.9,9.0,0.436,1.9,4.7,0.414,2.0,4.3,0.45899999999999996,0.544,3.0,3.7,0.8140000000000001,0.4,2.7,3.1,2.2,0.7,0.2,1.1,1.9,12.8,-2.12294773447735
189,Tim Hardaway Jr.,SF,30,DAL,71,45,30.3,4.8,11.9,0.401,3.0,7.7,0.385,1.8,4.2,0.431,0.527,1.8,2.3,0.77,0.3,3.2,3.5,1.8,0.7,0.2,0.8,1.7,14.4,-2.263448447758979
521,Kenrich Williams,PF,28,OKC,53,10,22.8,3.4,6.5,0.517,0.9,2.5,0.373,2.4,4.0,0.608,0.59,0.3,0.7,0.436,1.8,3.1,4.9,2.0,0.8,0.3,0.6,2.1,8.0,-2.266806104884199
487,Gabe Vincent,PG,26,MIA,68,34,25.9,3.4,8.3,0.402,1.7,5.1,0.33399999999999996,1.6,3.2,0.512,0.505,1.0,1.1,0.872,0.4,1.7,2.1,2.5,0.9,0.1,1.4,2.3,9.4,-2.266845926862485
36,Malik Beasley,SG,26,TOT,81,27,25.8,4.6,11.6,0.395,2.9,8.1,0.35700000000000004,1.7,3.4,0.484,0.52,0.6,0.8,0.769,0.4,3.1,3.5,1.5,0.8,0.1,1.1,1.3,12.7,-2.276512645137337
492,Moritz Wagner,C,25,ORL,57,18,19.5,3.5,6.9,0.5,0.9,2.9,0.313,2.6,4.1,0.631,0.564,2.7,3.2,0.841,1.2,3.3,4.5,1.5,0.6,0.2,1.2,2.4,10.5,-2.3560813772902103
371,Josh Okogie,SG,24,PHO,72,26,18.8,2.3,5.8,0.391,0.9,2.7,0.335,1.3,3.0,0.442,0.47100000000000003,1.9,2.7,0.7240000000000001,1.5,2.0,3.5,1.5,0.8,0.5,0.9,1.6,7.3,-2.3915165419054927
83,Jevon Carter,PG,27,MIL,81,39,22.3,3.0,7.0,0.423,1.8,4.2,0.42100000000000004,1.2,2.8,0.425,0.5489999999999999,0.4,0.5,0.816,0.4,2.1,2.5,2.4,0.8,0.4,1.0,2.0,8.0,-2.3946228454485374
347,Marcus Morris,PF,33,LAC,65,65,28.1,4.2,9.9,0.426,1.7,4.7,0.364,2.5,5.2,0.484,0.513,1.0,1.3,0.782,0.4,3.5,4.0,1.8,0.6,0.3,0.9,2.1,11.2,-2.4442689237922406
530,James Wiseman,C,21,TOT,45,22,19.3,4.2,7.5,0.5579999999999999,0.1,0.4,0.2,4.1,7.1,0.58,0.563,1.5,2.2,0.701,1.6,4.3,5.9,0.7,0.2,0.6,1.1,2.4,10.0,-2.462103683900492
102,Robert Covington,PF,32,LAC,48,0,16.2,2.1,4.8,0.445,1.1,2.8,0.397,1.0,1.9,0.516,0.563,0.6,0.8,0.75,0.6,2.8,3.5,1.2,0.8,0.7,0.7,1.8,6.0,-2.5036248529470084
273,John Konchar,SF,26,MEM,72,23,20.8,1.9,4.4,0.431,0.8,2.5,0.33899999999999997,1.1,2.0,0.545,0.525,0.4,0.5,0.778,0.9,3.4,4.3,1.4,1.1,0.3,0.5,1.6,5.1,-2.579037697259455
299,Kevin Love,PF,34,TOT,62,20,20.0,2.7,6.8,0.389,1.6,4.8,0.33399999999999996,1.1,2.1,0.516,0.506,1.3,1.5,0.879,1.0,5.5,6.4,1.9,0.3,0.2,1.1,1.6,8.2,-2.6101716529668852
517,Grant Williams,PF,24,BOS,79,23,25.9,2.7,6.0,0.45399999999999996,1.5,3.7,0.395,1.3,2.3,0.546,0.575,1.2,1.5,0.77,1.1,3.5,4.6,1.7,0.5,0.4,1.0,2.4,8.1,-2.6154482978208815
228,Joe Ingles,SF,35,MIL,46,0,22.7,2.3,5.4,0.435,1.8,4.4,0.409,0.5,1.0,0.556,0.603,0.4,0.5,0.857,0.3,2.5,2.8,3.3,0.7,0.1,1.2,1.6,6.9,-2.729044076159477
508,Coby White,SG,22,CHI,74,2,23.4,3.6,8.0,0.44299999999999995,1.7,4.6,0.37200000000000005,1.8,3.4,0.54,0.551,0.8,0.9,0.871,0.2,2.6,2.9,2.8,0.7,0.1,1.0,1.6,9.7,-2.7456553408267492
520,Jeenathan Williams,SG,23,POR,5,4,25.4,4.8,7.8,0.615,0.6,1.6,0.375,4.2,6.2,0.677,0.654,0.4,0.6,0.667,2.0,1.0,3.0,2.0,0.6,0.4,0.8,2.6,10.6,-2.755880149562471
33,Nicolas Batum,PF,34,LAC,78,19,21.9,2.1,4.9,0.42,1.6,4.1,0.391,0.5,0.8,0.563,0.583,0.4,0.6,0.708,0.8,3.0,3.8,1.6,0.7,0.6,0.6,1.9,6.1,-2.788044188112114
32,Keita Bates-Diop,PF,27,SAS,67,42,21.7,3.5,6.9,0.508,0.8,2.1,0.39399999999999996,2.7,4.8,0.557,0.568,1.8,2.2,0.7929999999999999,1.0,2.7,3.7,1.5,0.7,0.3,0.8,0.9,9.7,-2.8026434066748793
506,Blake Wesley,SG,19,SAS,37,1,18.1,1.9,5.8,0.321,0.5,1.4,0.385,1.3,4.4,0.301,0.36700000000000005,0.7,1.2,0.591,0.3,1.9,2.2,2.7,0.7,0.1,1.8,1.8,5.0,-2.8503328626956206
304,Terance Mann,SG,26,LAC,81,36,23.1,3.4,6.5,0.519,1.0,2.4,0.389,2.4,4.0,0.598,0.593,1.1,1.5,0.78,1.0,2.5,3.4,2.3,0.5,0.3,1.0,1.8,8.8,-2.973496837021661
257,DeAndre Jordan,C,34,DEN,39,8,15.0,2.3,2.9,0.765,0.0,0.0,1.0,2.2,2.9,0.763,0.77,0.6,1.2,0.45799999999999996,1.3,3.8,5.2,0.9,0.3,0.6,1.2,1.8,5.1,-3.025801507368527
425,Ricky Rubio,PG,32,CLE,33,2,17.2,1.8,5.4,0.34299999999999997,0.6,2.5,0.256,1.2,2.9,0.41700000000000004,0.402,0.8,1.1,0.8,0.3,1.8,2.1,3.5,0.8,0.2,0.9,1.5,5.2,-3.05040685308268
22,Mo Bamba,C,24,TOT,49,7,15.7,2.4,4.9,0.485,1.0,2.5,0.387,1.4,2.4,0.59,0.585,0.8,1.3,0.6609999999999999,1.2,3.4,4.6,0.9,0.3,0.9,0.6,2.1,6.6,-3.0702429483824822
181,Josh Green,SG,22,DAL,60,21,25.7,3.4,6.4,0.537,1.1,2.8,0.402,2.3,3.6,0.643,0.626,1.1,1.6,0.723,0.9,2.1,3.0,1.7,0.7,0.1,1.2,2.6,9.1,-3.092391072303047
460,Max Strus,SF,26,MIA,80,33,28.4,4.1,9.9,0.41,2.5,7.0,0.35,1.6,2.8,0.5589999999999999,0.535,1.0,1.1,0.8759999999999999,0.6,2.6,3.2,2.1,0.5,0.2,0.9,2.1,11.5,-3.105196742650995
435,Jay Scrubb,SG,22,ORL,2,0,15.0,2.5,3.5,0.7140000000000001,1.0,1.0,1.0,1.5,2.5,0.6,0.857,0.5,1.0,0.5,0.0,3.0,3.0,0.5,1.0,0.0,1.5,1.0,6.5,-3.1472106376497115
504,Trendon Watford,PF,22,POR,62,12,19.1,2.9,5.2,0.56,0.4,1.0,0.391,2.5,4.2,0.602,0.599,1.2,1.6,0.72,0.7,3.2,3.8,2.1,0.5,0.2,1.1,1.9,7.4,-3.227658397355583
70,Thomas Bryant,C,25,TOT,59,26,18.3,3.9,6.3,0.623,0.4,1.0,0.441,3.5,5.3,0.6579999999999999,0.659,1.6,2.1,0.738,1.5,4.3,5.7,0.5,0.3,0.5,0.6,1.7,9.8,-3.24962543246591
179,Javonte Green,SF,29,CHI,32,1,15.0,1.9,3.4,0.565,0.4,1.1,0.371,1.5,2.3,0.6579999999999999,0.625,0.9,1.4,0.667,0.8,1.9,2.8,0.7,0.8,0.7,0.6,1.6,5.2,-3.2961805090523244
519,Jaylin Williams,C,20,OKC,49,36,18.7,2.1,4.8,0.436,0.9,2.3,0.40700000000000003,1.1,2.5,0.46299999999999997,0.534,0.8,1.1,0.7040000000000001,0.9,4.0,4.9,1.6,0.6,0.2,0.8,2.3,5.9,-3.3164791990466727
68,Troy Brown Jr.,SF,23,LAL,76,45,24.5,2.6,6.1,0.43,1.4,3.7,0.381,1.2,2.4,0.505,0.545,0.4,0.5,0.872,0.8,3.2,4.1,1.3,0.8,0.2,0.6,1.6,7.1,-3.3329415502312933
399,Taurean Prince,PF,28,MIN,54,4,22.1,3.3,7.0,0.467,1.4,3.6,0.381,1.9,3.4,0.557,0.565,1.2,1.4,0.8440000000000001,0.3,2.2,2.4,1.6,0.5,0.3,1.3,2.3,9.1,-3.344579659560559
185,Rui Hachimura,PF,24,TOT,63,9,23.3,4.5,9.3,0.486,0.8,2.5,0.319,3.7,6.7,0.55,0.53,1.4,1.9,0.7390000000000001,0.8,3.7,4.5,0.9,0.3,0.4,0.8,1.1,11.2,-3.357926325478343
364,Jaylen Nowell,SG,23,MIN,65,2,19.3,4.3,9.6,0.44799999999999995,1.0,3.6,0.289,3.3,6.0,0.542,0.502,1.2,1.5,0.778,0.6,2.1,2.6,2.0,0.6,0.1,1.0,1.6,10.8,-3.369977335177338
382,Gary Payton II,SG,30,TOT,22,1,16.7,1.9,3.1,0.594,0.6,1.2,0.5,1.3,2.0,0.6509999999999999,0.688,0.3,0.3,0.857,1.1,2.0,3.1,1.4,1.0,0.2,0.7,2.0,4.6,-3.441895458378802
391,Otto Porter Jr.,SF,29,TOR,8,2,18.3,1.9,3.8,0.5,0.8,2.1,0.353,1.1,1.6,0.6920000000000001,0.6,1.0,1.0,1.0,0.8,1.6,2.4,1.0,1.4,0.0,0.5,0.9,5.5,-3.4469527464381216
269,Maxi Kleber,PF,31,DAL,37,5,25.1,2.1,4.6,0.456,1.1,3.0,0.348,1.0,1.5,0.667,0.5710000000000001,0.7,1.0,0.711,0.8,2.8,3.6,1.4,0.3,0.8,0.7,2.3,5.9,-3.4830771204091224
55,Malaki Branham,SG,19,SAS,66,32,23.5,4.1,9.3,0.44,1.2,3.9,0.302,2.9,5.4,0.539,0.503,0.9,1.1,0.8290000000000001,0.4,2.3,2.7,1.9,0.5,0.1,1.2,1.7,10.2,-3.494360803563519
334,Shake Milton,SG,26,PHI,76,11,20.6,3.2,6.6,0.479,0.7,1.9,0.37799999999999995,2.4,4.7,0.521,0.535,1.3,1.5,0.853,0.5,2.0,2.5,3.2,0.3,0.2,1.2,1.6,8.4,-3.5173566173438986
441,Shaedon Sharpe,SG,19,POR,80,15,22.2,3.8,8.1,0.47200000000000003,1.3,3.5,0.36,2.6,4.6,0.5589999999999999,0.551,0.9,1.3,0.7140000000000001,0.8,2.2,3.0,1.2,0.5,0.3,1.0,1.7,9.9,-3.5199793327386293
109,Dyson Daniels,PG,19,NOP,59,11,17.7,1.5,3.5,0.418,0.5,1.5,0.314,1.0,2.1,0.49200000000000005,0.483,0.4,0.7,0.65,0.6,2.6,3.2,2.3,0.7,0.2,1.0,1.7,3.8,-3.5224016608825193
395,Dwight Powell,C,31,DAL,76,64,19.2,2.6,3.5,0.732,0.0,0.1,0.0,2.6,3.5,0.746,0.732,1.5,2.2,0.667,2.0,2.2,4.1,0.9,0.6,0.3,0.9,2.8,6.7,-3.5283666038521444
473,Matisse Thybulle,SF-SG,25,TOT,71,28,16.9,1.5,3.6,0.435,0.8,2.1,0.365,0.8,1.5,0.5329999999999999,0.542,0.3,0.4,0.679,0.6,1.4,2.0,0.7,1.2,0.5,0.3,1.6,4.1,-3.573742594340306
194,Gary Harris,SG,28,ORL,48,42,24.7,2.9,6.4,0.45,2.0,4.5,0.431,0.9,1.9,0.494,0.603,0.6,0.6,0.9,0.4,1.6,2.0,1.2,0.9,0.3,0.6,1.9,8.3,-3.606813149216322
370,Chuma Okeke,SF,24,ORL,27,8,19.2,1.6,4.5,0.35200000000000004,1.0,3.2,0.302,0.6,1.3,0.47200000000000003,0.45899999999999996,0.6,0.8,0.762,1.0,2.6,3.6,1.4,0.7,0.4,0.6,1.5,4.7,-3.661141147533278
104,Jae Crowder,PF,32,MIL,18,3,18.9,2.5,5.2,0.479,1.3,3.1,0.436,1.2,2.2,0.5379999999999999,0.606,0.6,0.7,0.833,0.9,2.9,3.8,1.5,0.7,0.3,0.4,1.5,6.9,-3.668364259683985
248,Stanley Johnson,SF,26,SAS,30,0,15.6,2.2,4.1,0.5329999999999999,0.6,1.3,0.45,1.6,2.7,0.573,0.607,0.9,1.3,0.667,0.7,2.4,3.2,2.2,0.5,0.2,1.1,1.6,5.8,-3.6833802428639104
368,Jordan Nwora,SF,24,TOT,62,14,19.2,3.1,7.2,0.436,1.4,3.4,0.408,1.7,3.8,0.462,0.5329999999999999,1.1,1.4,0.7909999999999999,0.8,2.9,3.7,1.4,0.4,0.2,1.1,1.2,8.7,-3.6854007293076783
301,Trey Lyles,PF,27,SAC,74,0,16.9,2.5,5.5,0.45799999999999996,1.2,3.2,0.363,1.4,2.3,0.595,0.565,1.4,1.7,0.815,0.9,3.1,4.1,0.9,0.4,0.4,0.9,1.3,7.6,-3.6912222206375818
100,Pat Connaughton,SF,30,MIL,61,33,23.7,2.7,6.9,0.392,1.8,5.3,0.33899999999999997,0.9,1.6,0.5660000000000001,0.521,0.4,0.7,0.659,0.8,3.8,4.6,1.3,0.6,0.2,0.5,1.1,7.6,-3.697158967540334
469,Daniel Theis,C,30,IND,7,1,15.6,3.0,6.3,0.47700000000000004,0.3,1.6,0.182,2.7,4.7,0.5760000000000001,0.5,0.7,1.7,0.41700000000000004,1.0,2.1,3.1,1.3,0.3,0.9,0.4,1.0,7.0,-3.706709490297415
279,Anthony Lamb,SF,25,GSW,62,4,19.3,2.4,5.1,0.47100000000000003,1.2,3.2,0.36700000000000005,1.2,1.9,0.652,0.588,0.7,1.0,0.767,0.9,2.6,3.5,1.5,0.5,0.3,0.9,2.2,6.7,-3.7634247990548144
439,Landry Shamet,SG,25,PHO,40,9,20.2,2.8,7.5,0.377,1.9,5.0,0.377,1.0,2.5,0.376,0.502,1.1,1.3,0.882,0.3,1.4,1.7,2.3,0.7,0.1,0.9,1.5,8.7,-3.786198430087698
71,Reggie Bullock,SF,31,DAL,78,55,30.3,2.5,6.0,0.409,1.9,5.1,0.38,0.5,0.9,0.562,0.569,0.3,0.5,0.703,0.4,3.2,3.6,1.4,0.7,0.2,0.5,2.1,7.2,-3.8753954161811244
305,Tre Mann,PG,21,OKC,67,5,17.7,2.9,7.5,0.39299999999999996,1.2,3.8,0.315,1.7,3.6,0.475,0.474,0.6,0.8,0.764,0.4,1.9,2.3,1.8,0.6,0.2,0.9,1.5,7.7,-3.954417690921232
258,Cory Joseph,PG,31,DET,62,2,19.8,2.4,5.7,0.42700000000000005,1.1,2.9,0.389,1.3,2.8,0.46799999999999997,0.527,0.9,1.2,0.792,0.3,1.4,1.7,3.5,0.5,0.1,0.9,1.4,6.9,-4.008570171376138
496,Lonnie Walker IV,SG,24,LAL,56,32,23.2,4.2,9.4,0.44799999999999995,1.6,4.4,0.365,2.6,5.0,0.522,0.534,1.6,1.9,0.858,0.3,1.7,1.9,1.1,0.5,0.3,0.8,1.3,11.7,-4.014601149932982
418,Jeremiah Robinson-Earl,PF,22,OKC,43,20,18.9,2.6,5.8,0.444,0.9,2.6,0.33299999999999996,1.7,3.2,0.5329999999999999,0.518,0.8,1.0,0.833,1.7,2.5,4.2,1.0,0.6,0.3,0.4,1.7,6.8,-4.02372800408524
373,Isaac Okoro,SF,22,CLE,76,46,21.7,2.3,4.7,0.494,0.8,2.3,0.363,1.5,2.4,0.617,0.5820000000000001,1.0,1.4,0.757,0.7,1.8,2.5,1.1,0.7,0.4,0.6,2.1,6.4,-4.027918894138097
210,Haywood Highsmith,PF,26,MIA,54,11,17.9,1.7,4.0,0.431,0.7,2.0,0.33899999999999997,1.0,2.0,0.523,0.516,0.2,0.5,0.46399999999999997,1.1,2.4,3.5,0.8,0.7,0.3,0.8,1.5,4.4,-4.04095328029432
171,Devonte' Graham,PG,27,TOT,73,8,18.3,2.2,5.9,0.374,1.6,4.6,0.35200000000000004,0.6,1.3,0.452,0.512,1.3,1.8,0.748,0.3,1.4,1.7,2.7,0.6,0.2,0.7,1.1,7.4,-4.060533326842365
155,Wenyen Gabriel,C,25,LAL,68,2,15.1,2.3,3.8,0.596,0.1,0.5,0.278,2.1,3.3,0.647,0.615,0.8,1.2,0.619,1.7,2.5,4.2,0.5,0.4,0.5,0.7,2.1,5.5,-4.1681123426371585
281,Romeo Langford,SG,23,SAS,43,21,19.6,2.8,6.0,0.467,0.4,1.4,0.262,2.4,4.6,0.53,0.498,0.9,1.3,0.696,1.3,1.3,2.7,1.2,0.6,0.3,0.7,1.6,6.9,-4.200905884612013
423,Terrence Ross,SG,31,TOT,63,9,21.1,3.2,7.4,0.43,1.5,4.1,0.368,1.7,3.3,0.507,0.532,0.4,0.5,0.794,0.3,2.1,2.4,1.5,0.6,0.2,0.7,1.5,8.3,-4.208065482892408
303,Sandro Mamukelashvili,C,23,TOT,43,7,15.3,2.3,5.3,0.42200000000000004,0.7,2.3,0.303,1.6,3.0,0.511,0.48700000000000004,0.9,1.3,0.684,1.6,2.7,4.3,1.4,0.3,0.3,0.8,1.2,6.1,-4.213851862055084
30,Will Barton,SG,32,TOT,56,2,17.7,2.5,6.5,0.379,1.2,3.2,0.36700000000000005,1.3,3.3,0.391,0.47,0.7,0.8,0.787,0.3,2.2,2.4,2.0,0.5,0.2,0.9,1.0,6.8,-4.218497864899937
6,Nickeil Alexander-Walker,SG,24,TOT,59,3,15.0,2.2,5.0,0.444,1.0,2.7,0.384,1.2,2.3,0.515,0.547,0.7,1.0,0.667,0.3,1.5,1.7,1.8,0.5,0.4,0.9,1.5,6.2,-4.238077226322154
512,Aaron Wiggins,SG,24,OKC,70,14,18.5,2.7,5.2,0.512,0.7,1.7,0.39299999999999996,2.0,3.4,0.573,0.579,0.8,1.0,0.831,1.0,2.0,3.0,1.1,0.6,0.2,0.8,1.6,6.8,-4.25137728965263
328,Jordan McLaughlin,PG,26,MIN,43,0,15.8,1.4,3.4,0.42100000000000004,0.6,1.8,0.308,0.9,1.6,0.552,0.503,0.3,0.4,0.833,0.3,1.1,1.4,3.4,0.7,0.1,0.8,0.7,3.7,-4.2591521819393625
294,Isaiah Livers,PF,24,DET,52,22,23.1,2.3,5.5,0.41700000000000004,1.4,3.9,0.365,0.9,1.6,0.541,0.545,0.6,0.8,0.821,0.5,2.2,2.8,0.8,0.5,0.5,0.6,2.0,6.7,-4.29899272745834
134,Chris Duarte,SF,25,IND,46,12,19.5,2.7,7.2,0.369,1.2,3.8,0.316,1.5,3.5,0.428,0.452,1.3,1.6,0.847,0.4,2.1,2.5,1.4,0.5,0.2,0.9,1.4,7.9,-4.301973057378886
264,Luke Kennard,SG,26,TOT,59,14,22.3,3.2,6.5,0.49200000000000005,2.3,4.6,0.494,0.9,1.9,0.48700000000000004,0.6659999999999999,0.6,0.7,0.9490000000000001,0.3,2.4,2.7,1.5,0.5,0.1,0.8,1.4,9.3,-4.310459583562297
490,Dean Wade,PF,26,CLE,44,13,20.3,1.7,4.0,0.41200000000000003,1.0,2.9,0.354,0.6,1.1,0.56,0.54,0.3,0.5,0.652,0.5,3.0,3.4,0.8,0.6,0.5,0.4,2.0,4.7,-4.315378877606421
361,Daishen Nix,PG,20,HOU,57,7,16.0,1.4,4.2,0.342,0.7,2.5,0.28600000000000003,0.7,1.7,0.423,0.426,0.4,0.6,0.667,0.3,1.4,1.7,2.3,0.5,0.1,1.5,1.0,4.0,-4.315819497082191
377,Eugene Omoruyi,SF,25,TOT,40,6,16.1,2.5,5.7,0.44299999999999995,0.6,2.2,0.281,1.9,3.5,0.547,0.498,1.3,1.9,0.68,1.1,1.7,2.8,0.7,0.7,0.1,0.9,2.3,7.0,-4.352304586614814
285,Damion Lee,SG,30,PHO,74,5,20.4,2.7,6.1,0.442,1.5,3.3,0.445,1.2,2.8,0.439,0.564,1.3,1.4,0.904,0.5,2.5,3.0,1.3,0.4,0.1,1.1,1.6,8.2,-4.352487162225673
87,Julian Champagnie,SF,21,TOT,17,3,18.8,3.5,7.6,0.45399999999999996,1.9,4.8,0.402,1.5,2.8,0.542,0.581,0.8,1.0,0.8240000000000001,0.6,2.9,3.5,0.6,0.4,0.3,0.6,1.5,9.7,-4.37873851529941
241,Isaiah Joe,SG,23,OKC,73,10,19.1,3.1,7.0,0.441,2.2,5.4,0.409,0.9,1.6,0.5529999999999999,0.599,1.1,1.4,0.82,0.4,2.0,2.4,1.2,0.7,0.1,0.5,1.4,9.5,-4.382430026555617
107,Seth Curry,SG,32,BRK,61,7,19.9,3.4,7.4,0.46299999999999997,1.5,3.8,0.405,1.9,3.6,0.525,0.568,0.8,0.9,0.927,0.2,1.4,1.6,1.6,0.6,0.1,0.8,1.6,9.2,-4.486484499204718
240,Ty Jerome,SG,25,GSW,45,2,18.1,2.6,5.4,0.488,0.8,2.0,0.389,1.8,3.4,0.546,0.56,0.8,0.9,0.927,0.2,1.6,1.7,3.0,0.5,0.1,0.7,1.4,6.9,-4.4953462584904464
470,Cam Thomas,SG,21,BRK,57,4,16.6,3.5,8.0,0.441,0.9,2.3,0.38299999999999995,2.6,5.7,0.46399999999999997,0.49700000000000005,2.6,3.1,0.868,0.1,1.5,1.7,1.4,0.4,0.1,1.1,1.0,10.6,-4.503207284698231
268,Corey Kispert,SF,23,WAS,74,45,28.3,3.9,7.9,0.49700000000000005,2.2,5.2,0.424,1.7,2.7,0.637,0.637,1.0,1.2,0.852,0.4,2.4,2.8,1.2,0.4,0.1,0.7,1.3,11.1,-4.529251115443201
337,Davion Mitchell,PG,24,SAC,80,9,18.1,2.3,5.0,0.45399999999999996,0.8,2.5,0.32,1.5,2.5,0.584,0.5329999999999999,0.3,0.4,0.8059999999999999,0.2,1.1,1.3,2.3,0.6,0.2,0.8,1.4,5.6,-4.584582052964003
182,AJ Griffin,SF,19,ATL,72,12,19.5,3.4,7.4,0.465,1.4,3.6,0.39,2.0,3.8,0.536,0.56,0.6,0.7,0.894,0.5,1.6,2.1,1.0,0.6,0.2,0.6,1.2,8.9,-4.613280650295054
498,T.J. Warren,PF-SF,29,TOT,42,0,16.4,3.1,6.4,0.489,0.5,1.6,0.32799999999999996,2.6,4.8,0.542,0.53,0.7,0.8,0.8,0.6,2.3,2.9,1.0,0.5,0.3,0.5,1.5,7.5,-4.630591480809645
188,R.J. Hampton,SG,21,TOT,47,3,16.0,2.2,5.0,0.43,0.9,2.5,0.353,1.3,2.6,0.504,0.517,1.2,1.6,0.75,0.4,1.5,1.9,1.1,0.6,0.2,0.9,1.1,6.4,-4.670214302248973
378,Cedi Osman,SF,27,CLE,77,2,20.1,3.1,6.9,0.451,1.5,4.1,0.37200000000000005,1.6,2.8,0.564,0.56,1.0,1.4,0.6940000000000001,0.3,2.0,2.3,1.5,0.5,0.1,0.7,1.6,8.7,-4.6965366582322625
293,Nassir Little,SF,22,POR,54,4,18.1,2.5,5.6,0.442,1.1,2.9,0.36700000000000005,1.4,2.7,0.524,0.5379999999999999,0.6,0.9,0.7170000000000001,0.5,2.1,2.6,0.9,0.4,0.4,0.7,1.2,6.6,-4.737416631036111
211,George Hill,PG-SG,36,TOT,46,1,18.1,1.7,3.6,0.47,0.7,2.1,0.358,1.0,1.5,0.62,0.5720000000000001,0.9,1.2,0.764,0.3,1.5,1.8,2.4,0.6,0.1,0.7,1.2,5.0,-4.767320594590892
448,Jericho Sims,C,24,NYK,52,16,15.6,1.6,2.1,0.7759999999999999,0.0,0.0,0.0,1.6,2.0,0.7829999999999999,0.7759999999999999,0.2,0.3,0.75,1.9,2.8,4.7,0.5,0.3,0.5,0.5,1.8,3.4,-4.780517277334397
180,Jeff Green,PF,36,DEN,56,4,19.5,2.9,5.9,0.488,0.5,1.9,0.28800000000000003,2.3,4.0,0.58,0.534,1.6,2.1,0.7440000000000001,0.7,1.9,2.6,1.2,0.3,0.3,0.8,1.8,7.8,-4.792544302970602
420,David Roddy,PF,21,MEM,70,4,18.0,2.6,6.0,0.429,0.9,3.0,0.307,1.6,3.0,0.5529999999999999,0.506,0.6,0.9,0.631,0.7,2.0,2.8,0.8,0.4,0.3,0.8,1.5,6.7,-4.80091445002821
195,Joe Harris,SF,31,BRK,74,33,20.6,2.7,5.9,0.457,1.9,4.5,0.426,0.8,1.4,0.551,0.618,0.2,0.4,0.643,0.3,1.9,2.2,1.4,0.5,0.2,0.6,1.9,7.6,-4.840114306480331
310,Cody Martin,SF,27,CHO,7,0,19.1,2.0,5.1,0.389,0.4,2.0,0.214,1.6,3.1,0.5,0.431,0.6,1.0,0.5710000000000001,1.1,2.3,3.4,1.6,0.6,0.1,0.3,1.9,5.0,-4.946637537607697
360,Georges Niang,PF,29,PHI,78,1,19.4,2.8,6.4,0.442,2.0,4.9,0.401,0.9,1.5,0.5760000000000001,0.596,0.5,0.6,0.867,0.2,2.1,2.4,1.0,0.4,0.2,0.7,1.9,8.2,-5.006077723572468
59,Oshae Brissett,PF,24,IND,65,2,16.7,1.9,4.9,0.386,0.7,2.4,0.31,1.2,2.5,0.457,0.461,1.6,2.2,0.7170000000000001,1.0,2.4,3.4,0.7,0.5,0.2,0.5,1.2,6.1,-5.01099004765491
152,Evan Fournier,SG,30,NYK,27,7,17.0,2.1,6.1,0.337,1.3,4.2,0.307,0.8,1.9,0.40399999999999997,0.44299999999999995,0.7,0.8,0.857,0.1,1.7,1.8,1.3,0.6,0.1,0.8,1.7,6.1,-5.019153697337005
480,P.J. Tucker,PF,37,PHI,75,75,25.6,1.3,3.0,0.42700000000000005,0.7,1.9,0.39299999999999996,0.5,1.1,0.48200000000000004,0.5489999999999999,0.3,0.3,0.826,1.3,2.7,3.9,0.8,0.5,0.2,0.6,2.4,3.5,-5.019925814732598
493,Ish Wainright,SF,28,PHO,60,2,15.3,1.4,3.8,0.37,1.0,2.9,0.32899999999999996,0.5,0.9,0.5,0.496,0.4,0.5,0.8390000000000001,0.8,1.6,2.3,0.9,0.6,0.4,0.4,2.0,4.2,-5.058276236336324
324,Doug McDermott,SF,31,SAS,64,0,20.5,3.7,8.2,0.457,1.9,4.7,0.413,1.8,3.5,0.516,0.575,0.8,1.1,0.757,0.4,1.8,2.2,1.4,0.2,0.1,0.9,1.8,10.2,-5.125206386122048
4,Ochai Agbaji,SG,22,UTA,59,22,20.5,2.8,6.5,0.42700000000000005,1.4,3.9,0.355,1.4,2.7,0.532,0.532,0.9,1.2,0.812,0.7,1.3,2.1,1.1,0.3,0.3,0.7,1.7,7.9,-5.1645572096392085
271,Kevin Knox,SF-PF,23,TOT,63,5,15.1,2.4,5.3,0.45799999999999996,1.0,3.0,0.349,1.4,2.3,0.596,0.556,0.7,1.0,0.767,0.5,2.3,2.8,0.5,0.4,0.2,0.8,1.5,6.6,-5.200731245781331
526,Ziaire Williams,SF,21,MEM,37,4,15.2,2.3,5.3,0.429,0.7,2.6,0.258,1.6,2.7,0.596,0.49200000000000005,0.5,0.6,0.773,0.4,1.7,2.1,0.9,0.4,0.2,1.0,1.6,5.7,-5.204711988970408
132,Goran Dragi?,PG,36,TOT,58,0,15.0,2.4,5.8,0.42100000000000004,0.9,2.5,0.359,1.5,3.3,0.46799999999999997,0.499,0.5,0.8,0.6890000000000001,0.3,1.1,1.4,2.6,0.2,0.1,1.1,1.1,6.3,-5.237034623286525
111,Johnny Davis,SG,20,WAS,28,5,15.1,2.4,6.1,0.386,0.6,2.5,0.243,1.8,3.6,0.485,0.436,0.5,1.0,0.519,0.4,2.0,2.3,1.0,0.4,0.3,0.6,1.7,5.8,-5.2986495293721925
476,Obi Toppin,PF,24,NYK,67,5,15.7,2.8,6.3,0.446,1.3,3.7,0.344,1.5,2.6,0.593,0.5479999999999999,0.6,0.7,0.809,0.4,2.4,2.8,1.0,0.3,0.2,0.6,1.0,7.4,-5.343251494206708
202,Sam Hauser,SF,25,BOS,80,8,16.1,2.3,5.0,0.455,1.8,4.2,0.418,0.5,0.8,0.6559999999999999,0.631,0.2,0.2,0.706,0.4,2.1,2.6,0.9,0.4,0.3,0.4,1.2,6.4,-5.3670944000481615
534,Gabe York,SG,29,IND,3,0,18.7,2.7,7.0,0.381,2.0,6.0,0.33299999999999996,0.7,1.0,0.667,0.524,0.7,0.7,1.0,0.0,2.0,2.0,1.7,0.7,0.0,0.0,1.7,8.0,-5.379994896470617
458,Lamar Stevens,SF,25,CLE,62,25,18.1,2.1,4.6,0.44799999999999995,0.5,1.5,0.316,1.6,3.1,0.513,0.5,0.6,0.9,0.7020000000000001,0.8,2.6,3.3,0.5,0.4,0.3,0.4,1.3,5.3,-5.426592272723899
52,James Bouknight,SG,22,CHO,34,0,15.1,2.0,5.7,0.358,1.0,3.2,0.303,1.1,2.5,0.429,0.44299999999999995,0.6,0.9,0.667,0.2,1.9,2.1,1.2,0.4,0.1,0.9,1.4,5.6,-5.430574029511132
98,Chance Comanche,C,26,POR,1,0,21.0,3.0,5.0,0.6,0.0,0.0,,3.0,5.0,0.6,0.6,1.0,4.0,0.25,2.0,1.0,3.0,0.0,0.0,1.0,0.0,0.0,7.0,-5.439697834974637
354,Mike Muscala,C,31,TOT,63,9,15.0,2.1,4.6,0.449,1.3,3.3,0.391,0.8,1.3,0.588,0.5870000000000001,0.6,0.8,0.769,0.6,2.6,3.2,0.8,0.2,0.4,0.4,1.6,6.1,-5.500890685921122
57,Christian Braun,SG,21,DEN,76,6,15.5,1.9,3.8,0.495,0.4,1.3,0.354,1.4,2.5,0.565,0.5539999999999999,0.5,0.8,0.625,0.6,1.8,2.4,0.8,0.5,0.2,0.5,1.3,4.7,-5.610245230668278
502,Yuta Watanabe,SF,28,BRK,58,1,16.0,2.0,4.0,0.491,1.0,2.3,0.444,0.9,1.7,0.557,0.621,0.6,0.8,0.723,0.5,1.9,2.4,0.8,0.4,0.3,0.4,1.4,5.6,-5.625101744145765
495,Kemba Walker,PG,32,DAL,9,1,16.0,2.7,6.3,0.42100000000000004,0.8,3.1,0.25,1.9,3.2,0.586,0.48200000000000004,1.9,2.3,0.81,0.3,1.4,1.8,2.1,0.2,0.2,0.4,1.2,8.0,-5.6566757982651446
326,Bryce McGowens,SG,20,CHO,46,7,17.1,1.7,4.4,0.396,0.6,1.7,0.325,1.2,2.7,0.44299999999999995,0.46,1.3,1.7,0.75,0.4,1.6,2.0,1.2,0.3,0.1,0.9,1.0,5.3,-5.788429443085934
215,Justin Holiday,SF,33,TOT,46,2,15.3,1.7,4.4,0.377,1.0,3.1,0.322,0.7,1.3,0.508,0.49,0.1,0.2,0.625,0.1,1.1,1.2,0.9,0.4,0.4,0.5,1.5,4.5,-5.9077261500318246
414,Austin Rivers,SG,30,MIN,52,10,19.5,1.8,4.0,0.435,0.8,2.4,0.35,0.9,1.7,0.5579999999999999,0.5379999999999999,0.6,0.8,0.769,0.1,1.5,1.6,1.4,0.5,0.1,0.4,1.5,4.9,-5.991114434779683
327,Rodney McGruder,SG,31,DET,32,12,16.4,1.9,4.8,0.408,1.3,3.0,0.423,0.7,1.7,0.382,0.5429999999999999,0.6,0.7,0.818,0.6,1.7,2.3,0.9,0.5,0.0,0.3,1.2,5.7,-6.16811202018478
315,Wesley Matthews,SF,36,MIL,52,0,15.8,1.1,3.1,0.363,0.8,2.4,0.315,0.4,0.7,0.528,0.484,0.5,0.5,0.857,0.7,1.5,2.2,0.7,0.4,0.3,0.3,1.4,3.4,-6.217080507107404
237,Quenton Jackson,PG,24,WAS,9,0,15.0,2.1,4.7,0.452,0.1,1.3,0.083,2.0,3.3,0.6,0.46399999999999997,1.9,2.4,0.773,0.2,0.7,0.9,1.7,0.4,0.1,0.4,1.1,6.2,-6.218879085874718
415,Duncan Robinson,SF,28,MIA,42,1,16.5,2.1,5.6,0.371,1.5,4.6,0.32799999999999996,0.6,1.1,0.556,0.504,0.7,0.8,0.9059999999999999,0.2,1.5,1.6,1.1,0.3,0.0,0.7,1.8,6.4,-6.322482124384964
220,Caleb Houstan,SF,20,ORL,51,4,15.9,1.3,3.6,0.363,0.9,2.7,0.33799999999999997,0.4,0.9,0.435,0.489,0.3,0.4,0.833,0.7,1.3,1.9,0.6,0.2,0.1,0.4,1.2,3.8,-7.226935944668014
