Round,Rank,Value,Name,Team,Pos,Inj,g,m/g,p/g,3/g,r/g,a/g,s/g,b/g,fg%,fga/g,ft%,fta/g,to/g,pV,3V,rV,aV,sV,bV,fg%V,ft%V,toV,ftm/g,Zscore
2,16,0.407634216,Luka Doncic,DAL,PG/SG,Questionable - calf strain,66,36.21994949,32.39393939,2.803030303,8.621212121,8.015151515,1.363636364,0.5,0.496204279,21.95454545,0.742074928,10.51515152,3.575757576,2.375369276,1.093382575,1.154778032,1.836876333,1.131991629,-0.28326614,0.05744659,-1.667046748,-2.030823599,7.803030303,12.59500936
1,1,0.846672232,Nikola Jokic,DEN,C,,69,33.66763285,24.49275362,0.826086957,11.84057971,9.826086957,1.260869565,0.68115942,0.632093933,14.8115942,0.821686747,6.014492754,3.579710145,1.163494511,-0.734343752,2.491048053,2.638997221,0.839474828,0.073691886,2.831568933,0.351737304,-2.035618895,4.942028986,11.67118234
1,2,0.830444328,Joel Embiid,PHI,PF/C,,66,34.60833333,33.07575758,1,10.15151515,4.151515152,1,1.696969697,0.548192771,20.12121212,0.857328145,11.68181818,3.424242424,2.479945763,-0.573557431,1.789964293,0.125548939,0.096932179,2.07525289,1.505226166,1.821690072,-1.847003919,10.01515152,11.07104628
3,30,0.180251331,LaMelo Ball,CHA,PG/SG,,36,35.2162037,23.27777778,4,6.416666667,8.444444444,1.277777778,0.305555556,0.410540915,20.02777778,0.836065574,3.388888889,3.583333333,0.977142916,2.200006612,0.239732478,2.027023822,0.887602592,-0.666401088,-2.332790341,0.329959572,-2.040014583,2.833333333,11.04891819
2,17,0.400140348,James Harden,PHI,PG/SG,Questionable - not w/ sixers,58,36.81034483,20.96551724,2.775862069,6.103448276,10.65517241,1.224137931,0.534482759,0.440617577,14.51724138,0.867036011,6.224137931,3.362068966,0.62249106,1.068264962,0.109724228,3.006225532,0.734921409,-0.215321026,-1.087672376,1.134203804,-1.771574464,5.396551724,10.40800191
1,6,0.599991599,Stephen Curry,GSW,PG,,56,34.6639881,29.42857143,4.875,6.089285714,6.285714286,0.928571429,0.357142857,0.493380406,20.23214286,0.914590747,5.017857143,3.196428571,1.920544556,3.008962791,0.103845743,1.070853595,-0.10638307,-0.564753041,-0.027446289,1.564918006,-1.570617901,4.589285714,10.3631674
9,104,-0.154011025,Giannis Antetokounmpo,MIL,PF/C,,63,32.11931217,31.0952381,0.746031746,11.77777778,5.698412698,0.825396825,0.80952381,0.553208138,20.28571429,0.64507772,12.25396825,3.904761905,2.176175968,-0.808356503,2.464980716,0.810719048,-0.400060652,0.326622144,1.659015323,-5.185220364,-2.429974904,7.904761905,9.975107687
1,11,0.514611423,Jayson Tatum,BOS,SF/PF,,74,36.92207207,30.06756757,3.243243243,8.77027027,4.621621622,1.054054054,0.689189189,0.466324567,21.06756757,0.853697749,8.405405405,2.878378378,2.018553047,1.500368835,1.216647928,0.333774042,0.250792368,0.089513809,-0.820136902,1.226745945,-1.184756262,7.175675676,9.831570661
1,7,0.583847909,Damian Lillard,POR,PG,,58,36.3204023,32.17241379,4.206896552,4.775862069,7.327586207,0.862068966,0.310344828,0.462562396,20.72413793,0.913978495,9.620689655,3.293103448,2.341391935,2.391286891,-0.441319913,1.532331796,-0.295676578,-0.656964267,-0.915318918,2.98680505,-1.687904817,8.793103448,9.796503801
1,8,0.565008068,Tyrese Haliburton,IND,PG/SG,,56,33.62470238,20.71428571,2.875,3.660714286,10.44642857,1.625,0.446428571,0.489892985,15.01785714,0.870646766,3.589285714,2.517857143,0.583957458,1.159920096,-0.904186768,2.913766247,1.875940609,-0.388823728,-0.096414763,0.6882818,-0.747368335,3.125,9.267690377
4,40,0.11810262,Anthony Edwards,MIN,SG/SF,,79,35.9685654,24.63291139,2.696202532,5.797468354,4.430379747,1.582278481,0.734177215,0.458792992,19.50632911,0.755924171,5.341772152,3.278481013,1.184991748,0.99461802,-0.017279534,0.249066935,1.754337501,0.178158589,-0.964450561,-0.646354387,-1.670164734,4.037974684,9.167498935
2,23,0.270904547,LeBron James,LAL,SF/PF,,55,35.52515152,28.90909091,2.2,8.309090909,6.818181818,0.909090909,0.581818182,0.499589828,22.16363636,0.767584098,5.945454545,3.236363636,1.840867233,0.535868186,1.025225191,1.306700396,-0.161832683,-0.122050915,0.162385345,-0.529954317,-1.619067516,4.563636364,9.142558678
1,4,0.708996485,Anthony Davis,LAL,PF/C,,56,34.00863095,25.91071429,0.339285714,12.53571429,2.642857143,1.053571429,2.035714286,0.563409563,17.17857143,0.783783784,7.928571429,2.178571429,1.380979683,-1.184401893,2.779579097,-0.542683663,0.249418616,2.742718041,1.646490236,-0.355388199,-0.335743552,6.214285714,9.032033362
1,5,0.683828255,Kevin Durant,PHO,SF/PF,,47,35.56843972,29.06382979,1.978723404,6.659574468,5,0.723404255,1.425531915,0.560324826,18.34042553,0.919161677,7.106382979,3.319148936,1.864600904,0.33129325,0.340556756,0.501369857,-0.690373679,1.540409631,1.680087253,2.306013781,-1.71950346,6.531914894,8.82383639
5,51,0.051758768,Trae Young,ATL,PG,,73,34.80547945,26.21917808,2.109589041,2.97260274,10.15068493,1.095890411,0.123287671,0.429496403,19.04109589,0.885758998,8.753424658,4.109589041,1.428291504,0.452281325,-1.189802748,2.782771985,0.369875938,-1.025543241,-1.716930263,2.043357626,-2.678473211,7.753424658,8.445493182
1,3,0.754201754,Shai Gilgeous-Alexander,OKC,PG/SG,,68,35.52990196,31.39705882,0.852941176,4.838235294,5.455882353,1.647058824,0.955882353,0.509775525,20.30882353,0.905277402,10.86764706,2.823529412,2.222468884,-0.709516452,-0.41543052,0.703294646,1.938729142,0.615008234,0.43519079,3.116284019,-1.118212953,9.838235294,8.433578677
3,25,0.257983648,Paul George,LAC,SG/SF/PF,,56,34.62410714,23.78571429,2.821428571,6.107142857,5.142857143,1.482142857,0.357142857,0.457171315,17.92857143,0.870748299,5.25,3.142857143,1.055049632,1.110392167,0.111257746,0.564645828,1.469310111,-0.564753041,-0.927867706,1.009442612,-1.505624514,4.571428571,8.325196979
2,15,0.429157814,Donovan Mitchell,CLE,PG/SG,,68,35.76911765,28.26470588,3.602941176,4.25,4.426470588,1.455882353,0.397058824,0.484308131,20.61764706,0.866847826,5.411764706,2.647058824,1.7420322,1.832917253,-0.659590644,0.247335444,1.394561857,-0.486102289,-0.287653574,0.983037169,-0.904117091,4.691176471,8.102834794
2,18,0.352967063,Fred VanVleet,TOR,PG,,69,36.73888889,19.34782609,3,4.057971014,7.173913043,1.782608696,0.550724638,0.392985612,16.11594203,0.897526502,4.101449275,2.028985507,0.374371456,1.275485264,-0.739296539,1.464265066,2.324560126,-0.183317893,-2.272770999,1.087671517,-0.154264433,3.68115942,7.912600136
1,12,0.493345609,Jaren Jackson Jr.,MEM,PF/C,,63,28.37248677,18.61904762,1.587301587,6.761904762,0.952380952,1.031746032,3,0.506082725,13.04761905,0.787581699,4.857142857,1.698412698,0.262592255,-0.030584576,0.383031217,-1.291449318,0.187294512,4.64275462,0.208111512,-0.168429512,0.246789767,3.825396825,7.501030041
8,93,-0.105648975,Ja Morant,MEM,PG,Suspended - suspension (0g) - 12/19/2023,61,31.93989071,26.16393443,1.508196721,5.852459016,8.081967213,1.081967213,0.262295082,0.466227348,19.90163934,0.748490946,8.147540984,3.37704918,1.419818296,-0.103718713,0.005545562,1.866471131,0.33024476,-0.751641885,-0.77813796,-1.14967336,-1.789748609,6.098360656,7.455280631
1,9,0.550476356,Kyrie Irving,DAL,PG/SG,Questionable - groin,60,37.34083333,27.05,3.133333333,5.066666667,5.516666667,1.1,0.75,0.493765586,20.05,0.904761905,4.55,2.133333333,1.555722012,1.398754777,-0.320615006,0.730217952,0.381573528,0.209335936,-0.016581399,1.296739649,-0.280860247,4.116666667,7.438600077
2,14,0.467826544,Kristaps Porzingis,WAS,PF/C,,65,32.60846154,23.15384615,2.107692308,8.4,2.676923077,0.892307692,1.538461538,0.498035363,15.66153846,0.850961538,6.4,2.107692308,0.958134426,0.450527754,1.062959028,-0.527594777,-0.209604658,1.762927099,0.077201869,0.885640457,-0.249752301,5.446153846,7.012949033
2,21,0.285495075,Domantas Sabonis,SAC,PF/C,,79,34.62890295,19.11392405,0.392405063,12.3164557,7.253164557,0.82278481,0.493670886,0.615138593,11.87341772,0.742009132,5.544303797,2.911392405,0.338495831,-1.13529192,2.68857095,1.499368081,-0.407495527,-0.295737079,1.987605172,-0.881250631,-1.224809206,4.113924051,6.830537774
7,84,-0.074698794,Kevin Porter,HOU,PG,Injured - arrested (0g) - 3/19/2024,59,34.30367232,19.15254237,2.389830508,5.322033898,5.728813559,1.389830508,0.288135593,0.442307692,14.98305085,0.784090909,4.474576271,3.186440678,0.344419065,0.711370544,-0.214619164,0.824184556,1.206550996,-0.700725527,-1.086976611,-0.197992513,-1.55850049,3.508474576,6.716554037
4,38,0.132731558,Jrue Holiday,MIL,PG/SG,,67,32.57562189,19.25373134,2.358208955,5.089552239,7.388059701,1.179104478,0.373134328,0.478983382,15.26865672,0.858757062,2.641791045,2.940298507,0.359939313,0.682135743,-0.311115841,1.55911743,0.60673758,-0.533243313,-0.329288118,0.420179607,-1.259878375,2.268656716,6.670478297
7,74,-0.031261436,Julius Randle,NYK,PF,,77,35.55,25.14285714,2.831168831,9.961038961,4.103896104,0.636363636,0.272727273,0.459497207,18.5974026,0.757062147,6.896103896,2.805194805,1.263206639,1.119397245,1.71090292,0.104456949,-0.938127271,-0.73108621,-0.901901342,-0.812232624,-1.095969227,5.220779221,6.634993042
4,47,0.061948077,Jaylen Brown,BOS,SG/SF,,67,35.89452736,26.62686567,2.432835821,6.850746269,3.462686567,1.119402985,0.388059701,0.490961678,20.64179104,0.764534884,5.134328358,2.940298507,1.490822157,0.751129873,0.419906858,-0.179555143,0.436802446,-0.503834234,-0.09712468,-0.500736208,-1.259878375,3.925373134,6.61212284
4,48,0.059281693,Darius Garland,CLE,PG,,69,35.46642512,21.5942029,2.449275362,2.68115942,7.797101449,1.231884058,0.130434783,0.462356067,16.36231884,0.862928349,4.652173913,2.884057971,0.718918142,0.76632858,-1.310772771,1.740295026,0.756970089,-1.011460514,-0.730027416,0.794930904,-1.1916468,4.014492754,5.792070437
4,39,0.127537344,Karl-Anthony Towns,MIN,PF/C,,29,33.00172414,20.75862069,2.068965517,8.137931034,4.827586207,0.689655172,0.586206897,0.495327103,14.75862069,0.874074074,4.655172414,2.965517241,0.590757506,0.41472401,0.954181483,0.425002306,-0.786437524,-0.113403356,0.01647803,0.937007628,-1.290473992,4.068965517,5.769992471
18,205,-0.42350065,Russell Westbrook,LAC,PG,,73,29.12123288,15.87671233,1.219178082,5.794520548,7.547945205,1.04109589,0.452054795,0.43592331,13.57534247,0.656050955,4.301369863,3.493150685,-0.158023971,-0.370922615,-0.018503087,1.629935804,0.213908076,-0.377737771,-1.106478973,-1.693079214,-1.930604102,2.821917808,5.759048833
6,68,-0.021430107,Zion Williamson,NOR,PF/C,,29,32.97011494,26,0.24137931,6.965517241,4.586206897,1.103448276,0.551724138,0.607675906,16.17241379,0.713709677,8.551724138,3.413793103,1.394674223,-1.274918453,0.467545099,0.318087734,0.391388747,-0.181348469,2.544127596,-2.01810074,-1.8343267,6.103448276,5.648472519
4,44,0.07739452,Pascal Siakam,TOR,PF/C,,71,37.34882629,24.22535211,1.309859155,7.830985915,5.845070423,0.915492958,0.507042254,0.479817212,18.49295775,0.774261603,6.676056338,2.38028169,1.122480775,-0.287086027,0.826777095,0.875678417,-0.143609806,-0.269390026,-0.374722867,-0.473116444,-0.580460435,5.169014085,5.611824934
3,29,0.184861942,Devin Booker,PHO,SG/SF,,53,34.63081761,27.75471698,2.094339623,4.528301887,5.528301887,0.962264151,0.339622642,0.493908154,20.13207547,0.854748603,6.754716981,2.735849057,1.66381069,0.438182912,-0.544075265,0.735371561,-0.01047965,-0.599275019,-0.012609006,1.004669531,-1.01183828,5.773584906,5.570529364
3,34,0.153494451,Dejounte Murray,ATL,PG/SG,,74,36.39662162,20.47297297,1.797297297,5.256756757,6.054054054,1.513513514,0.256756757,0.46398787,17.82432432,0.831578947,2.567567568,2.162162162,0.546945188,0.163560941,-0.241713892,0.968243912,1.55860397,-0.762554647,-0.753707576,0.217907829,-0.315835667,2.135135135,5.465094094
2,13,0.488234989,Kawhi Leonard,LAC,SG/SF,,52,33.60801282,23.82692308,2,6.5,3.923076923,1.384615385,0.538461538,0.512055109,16.75,0.870967742,5.365384615,1.692307692,1.061370189,0.350963917,0.274321829,0.024366384,1.191706598,-0.207481206,0.409770965,1.034899807,0.254196421,4.673076923,5.414676166
12,139,-0.274798506,Cade Cunningham,DET,PG/SG,Probable - left quad tendintis,12,33.34861111,19.91666667,1.416666667,6.166666667,6,0.833333333,0.583333333,0.415178571,18.66666667,0.837209302,3.583333333,3.25,0.461619568,-0.188340203,0.135964425,0.944301653,-0.377470069,-0.119065448,-2.054813476,0.360228281,-1.635611287,3,5.398934367
3,31,0.175038482,Chris Paul,PHO,PG,,59,32.01045198,13.88135593,1.661016949,4.254237288,8.881355932,1.542372881,0.372881356,0.44011976,11.3220339,0.83125,2.711864407,1.93220339,-0.464069435,0.03756685,-0.657831864,2.220545812,1.640749664,-0.533741772,-0.858897388,0.227871884,-0.036847411,2.254237288,5.314159323
8,88,-0.088453647,C.J. McCollum,NOR,PG/SG,,75,35.31711111,20.90666667,2.813333333,4.373333333,5.72,0.933333333,0.506666667,0.436755952,17.92,0.768907563,3.173333333,2.44,0.613464627,1.102907946,-0.608398405,0.82028075,-0.09282872,-0.270130085,-1.435810556,-0.272657103,-0.652911279,2.44,5.2736716
3,27,0.216143457,O.G. Anunoby,TOR,SG/SF,,67,35.60646766,16.7761194,2.119402985,4.955223881,1.955223881,1.910447761,0.746268657,0.475706215,13.20895522,0.838323353,2.492537313,1.970149254,-0.020073951,0.461354525,-0.366871809,-0.847258299,2.688442966,0.201983666,-0.346729431,0.257327151,-0.082883708,2.089552239,5.216342758
6,62,-0.004262284,Brandon Ingram,NOR,SG/SF/PF,,45,34.18222222,24.71111111,1.422222222,5.466666667,5.822222222,0.711111111,0.422222222,0.483832335,18.55555556,0.882352941,6.044444444,3.288888889,1.19698593,-0.183203973,-0.154586122,0.865558223,-0.72536505,-0.43652012,-0.272418362,1.353980587,-1.682791672,5.333333333,5.053862534
4,42,0.09125502,De'Aaron Fox,SAC,PG,,73,33.35890411,25.01369863,1.630136986,4.191780822,6.123287671,1.136986301,0.315068493,0.512396694,18.23287671,0.779545455,6.02739726,2.479452055,1.243396455,0.009017665,-0.683755807,0.998909683,0.486851835,-0.647656717,0.455823457,-0.34051649,-0.700774902,4.698630137,4.944051094
2,19,0.349381127,Lauri Markkanen,UTA,SF/PF,,66,34.43282828,25.62121212,3.03030303,8.636363636,1.863636364,0.636363636,0.575757576,0.498689956,17.34848485,0.874686717,6.045454545,1.924242424,1.336576174,1.303501063,1.161067005,-0.887825322,-0.938127271,-0.133992784,0.10266194,1.227758424,-0.027189089,5.287878788,4.899620039
1,10,0.540989229,Jimmy Butler,MIA,SF/PF,,64,33.40833333,22.90625,0.5625,5.859375,5.3125,1.828125,0.328125,0.539414414,13.875,0.85045045,8.671875,1.578125,0.920158414,-0.97803552,0.008416194,0.639786043,2.454118349,-0.621930068,0.864775289,1.188890366,0.392723992,7.375,4.801808116
2,20,0.301290075,Myles Turner,IND,C,,62,29.43817204,17.9516129,1.5,7.516129032,1.435483871,0.580645161,2.258064516,0.548431105,11.82258065,0.782608696,4.451612903,1.661290323,0.160221887,-0.111296757,0.696088752,-1.077467675,-1.09672509,3.180838782,0.883116525,-0.214992754,0.291827,3.483870968,4.78429344
5,55,0.02950702,Bradley Beal,WAS,SG,Probable - back,50,33.45833333,23.2,1.6,3.92,5.42,0.9,0.66,0.505694761,17.56,0.842105263,4.56,2.9,0.96521345,-0.018844622,-0.796564473,0.687401211,-0.187709169,0.031999188,0.274996373,0.520059048,-1.210987827,3.84,4.780602827
13,145,-0.297798059,Kyle Kuzma,WAS,SF/PF,,64,34.98125,21.203125,2.5,7.234375,3.734375,0.5625,0.453125,0.448336252,17.84375,0.729957806,3.703125,2.96875,0.658935065,0.813224591,0.579140483,-0.059215698,-1.148373722,-0.37562903,-1.142611097,-0.711257113,-1.294396007,2.703125,4.701334725
3,35,0.152558839,Bam Adebayo,MIA,C,,75,34.64088889,20.38666667,0.013333333,9.173333333,3.2,1.173333333,0.813333333,0.540394973,14.85333333,0.805970149,5.36,2.493333333,0.533707627,-1.485751827,1.383948204,-0.295907376,0.590310517,0.334128462,0.946882864,0.083326883,-0.717615806,4.32,4.55435386
3,36,0.148952347,Desmond Bane,MEM,SG/SF,,58,31.74913793,21.5,2.862068966,5.017241379,4.379310345,0.965517241,0.379310345,0.479233227,16.18965517,0.882926829,3.534482759,2.172413793,0.70446941,1.147965079,-0.341130069,0.226446673,-0.00122001,-0.521074039,-0.342766086,0.796153217,-0.328273047,3.120689655,4.533458199
7,80,-0.055623926,D'Angelo Russell,LAL,PG/SG,,71,32.45234742,17.78873239,2.732394366,3.028169014,6.154929577,0.985915493,0.408450704,0.469409283,13.35211268,0.828703704,3.042253521,2.61971831,0.135239463,1.028078143,-1.166738732,1.012924889,0.056841848,-0.463655633,-0.467184962,0.234826957,-0.870947309,2.521126761,4.478366541
9,98,-0.118560551,Terry Rozier,CHA,PG/SG,,63,35.2537037,21.0952381,2.619047619,4.111111111,5.063492063,1.174603175,0.253968254,0.414983165,18.85714286,0.809090909,3.492063492,2.126984127,0.642387495,0.923286656,-0.717239562,0.529492511,0.59392501,-0.768049136,-2.080772222,0.083081619,-0.273157327,2.825396825,4.415664411
5,50,0.055935939,Zach LaVine,CHI,SG/SF,,77,35.9474026,24.84415584,2.649350649,4.480519481,4.246753247,0.896103896,0.233766234,0.484870317,18.02597403,0.848130841,5.558441558,2.519480519,1.217392178,0.951302454,-0.563908414,0.16773292,-0.198799092,-0.807855364,-0.239004275,0.725900874,-0.749337831,4.714285714,4.390099435
6,61,0.0013734,Jamal Murray,DEN,PG/SG,,65,32.82102564,19.96923077,2.646153846,3.953846154,6.153846154,1.015384615,0.246153846,0.454370797,16.01538462,0.833333333,3.323076923,2.230769231,0.46968179,0.948346941,-0.782515876,1.012445006,0.140723156,-0.78344671,-0.892530525,0.298727256,-0.399070441,2.769230769,4.366371681
2,24,0.270888428,Nicolas Claxton,BKN,C,,76,29.8754386,12.64473684,0,9.236842105,1.894736842,0.855263158,2.486842105,0.70528109,7.723684211,0.540650407,3.236842105,1.263157895,-0.653740646,-1.498078778,1.41030893,-0.874049931,-0.31504872,3.631624043,2.256009471,-2.293873719,0.774845198,1.75,4.198866762
9,97,-0.118554511,Draymond Green,GSW,PF/C,Questionable - left ankle,73,31.47237443,8.452054795,0.547945205,7.191780822,6.849315068,1.01369863,0.821917808,0.52742616,6.493150685,0.712962963,1.479452055,2.794520548,-1.296809385,-0.991491739,0.561460824,1.320490302,0.135924145,0.351043382,0.289787564,-0.354376575,-1.083019113,1.054794521,4.117405124
2,22,0.274105458,Brook Lopez,MIL,C,,78,30.41666667,15.88461538,1.743589744,6.666666667,1.269230769,0.474358974,2.474358974,0.530589544,11.52564103,0.784210526,2.435897436,1.371794872,-0.15681181,0.113907161,0.343500531,-1.15110646,-1.399259526,3.607027178,0.574864345,-0.108218041,0.643045744,1.91025641,4.115915728
10,113,-0.168035313,Josh Giddey,OKC,SG/SF,,76,31.14714912,16.57894737,1,7.881578947,6.171052632,0.75,0.407894737,0.482110912,14.71052632,0.731034483,1.907894737,2.776315789,-0.05031597,-0.573557431,0.847776856,1.020066303,-0.614671193,-0.464751116,-0.253781375,-0.362150971,-1.06093292,1.394736842,4.058641879
3,26,0.245441541,Nikola Vucevic,CHI,C,,82,33.49004065,17.64634146,1.475609756,11.01219512,3.231707317,0.731707317,0.695121951,0.520034843,14,0.835443038,1.926829268,1.695121951,0.113399706,-0.133846058,2.147208631,-0.281863197,-0.666739732,0.101203773,0.495658809,0.183169803,0.250782134,1.609756098,3.997875336
10,111,-0.166296113,Marcus Smart,BOS,PG/SG,,61,32.07404372,11.52459016,1.885245902,3.131147541,6.262295082,1.524590164,0.37704918,0.415282392,9.868852459,0.745762712,1.93442623,2.344262295,-0.825547452,0.244871303,-1.123995207,1.060480485,1.590132697,-0.525529456,-1.090899757,-0.289416283,-0.536761349,1.442622951,3.899932303
7,83,-0.068707202,Alperen Sengun,HOU,C,,75,28.94488889,14.78666667,0.253333333,9.04,3.88,0.933333333,0.933333333,0.553191489,10.65333333,0.715277778,3.84,2.573333333,-0.325213918,-1.263866704,1.328605243,0.005286245,-0.09282872,0.570577458,0.864997336,-0.891249165,-0.814672597,2.746666667,3.896586444
7,79,-0.053195176,Tyler Herro,MIA,PG/SG,Probable - thigh contusion,67,34.87711443,20.10447761,3.029850746,5.373134328,4.179104478,0.76119403,0.23880597,0.439134355,16.55223881,0.934065934,2.71641791,2.358208955,0.490425795,1.303082917,-0.193408796,0.137769129,-0.582808355,-0.797925026,-1.27248118,0.990270509,-0.553681575,2.537313433,3.859678564
5,49,0.057607265,Buddy Hield,IND,SG/SF,,80,31.02354167,16.8,3.6,5,2.8125,1.15,0.325,0.45761079,12.975,0.821705426,1.6125,1.7375,-0.016411172,1.830198073,-0.348286486,-0.467543447,0.523894202,-0.628087594,-0.667076974,0.092410117,0.199368666,1.325,3.750388628
6,66,-0.017765984,Klay Thompson,GSW,SG/SF,,69,33.02705314,21.86956522,4.362318841,4.144927536,2.362318841,0.710144928,0.420289855,0.436102236,18.14492754,0.878787879,1.913043478,1.782608696,0.761152897,2.534978115,-0.703203304,-0.666942997,-0.728115208,-0.440327672,-1.470156656,0.408078619,0.144642351,1.68115942,3.722832953
18,211,-0.43586464,Paolo Banchero,ORL,SF/PF,,72,33.74652778,19.95833333,1.180555556,6.902777778,3.736111111,0.833333333,0.541666667,0.426916221,15.58333333,0.737827715,7.416666667,2.777777778,0.468010354,-0.406629965,0.441503691,-0.058446719,-0.377470069,-0.201165794,-1.463317247,-1.262559395,-1.062706619,5.472222222,3.72074705
5,53,0.038789214,Evan Mobley,CLE,PF/C,,79,34.36940928,16.16455696,0.278481013,9,2.835443038,0.759493671,1.506329114,0.55438226,11.98734177,0.674342105,3.848101266,1.848101266,-0.113874693,-1.240617137,1.312002354,-0.457381246,-0.58764828,1.699613102,0.994733108,-1.322910401,0.065186117,2.594936709,3.544908232
4,46,0.067688385,Jalen Brunson,NYK,PG/SG,,68,34.98210784,24.01470588,1.970588235,3.544117647,6.191176471,0.897058824,0.220588235,0.491213389,17.57352941,0.829081633,5.764705882,2.088235294,1.090172099,0.323772112,-0.952582792,1.028979791,-0.196080974,-0.833821402,-0.078422819,0.453326313,-0.22614686,4.779411765,3.510257433
8,85,-0.077167193,Scottie Barnes,TOR,SF/PF,,77,34.77748918,15.31168831,0.818181818,6.649350649,4.818181818,1.077922078,0.792207792,0.455708661,13.19480519,0.772357724,3.194805195,2,-0.244686704,-0.741652221,0.336313133,0.420836803,0.318730633,0.29250252,-0.713040014,-0.244409956,-0.119098929,2.467532468,3.397177185
13,148,-0.302857493,Jordan Poole,GSW,PG/SG,,82,29.97703252,20.42682927,2.609756098,2.743902439,4.5,0.768292683,0.256097561,0.430359937,15.58536585,0.869879518,5.06097561,3.073170732,0.53986772,0.914696446,-1.284729887,0.279903959,-0.562602653,-0.763853532,-1.38892376,0.961004545,-1.421080271,4.402439024,3.378818016
3,28,0.204975717,DeMar DeRozan,CHI,SF/PF,,74,36.23783784,24.54054054,0.621621622,4.635135135,5.094594595,1.121621622,0.486486486,0.504221028,17.60810811,0.871892925,7.067567568,2.067567568,1.170824013,-0.923376319,-0.499731752,0.543268811,0.443117603,-0.30989328,0.239724508,1.381920435,-0.20107257,6.162162162,3.33954481
4,43,0.07882261,Shaq Harrison,LAL,SG/SF,,5,23.98333333,8.8,0.6,4.4,6,2.2,0.4,0.416666667,7.2,0.733333333,3,1.2,-1.243441951,-0.94336597,-0.597329813,0.944301653,3.512628364,-0.480306971,-0.785459627,-0.549091177,0.851468981,2.2,3.202167389
16,186,-0.389231148,Jordan Clarkson,UTA,PG/SG,,61,32.59562842,20.83606557,2.540983607,4.032786885,4.426229508,0.540983607,0.213114754,0.444228904,16.90163934,0.816326531,4.016393443,3.049180328,0.602635913,0.85111481,-0.749749772,0.247228662,-1.209618274,-0.848547211,-1.179420392,0.175250812,-1.391974876,3.278688525,3.098031631
3,32,0.173399196,Mikal Bridges,BKN,SG/SF,,83,35.69919679,20.13253012,2.036144578,4.385542169,3.289156627,1.096385542,0.734939759,0.468034728,15.26506024,0.895184136,4.253012048,1.530120482,0.494728456,0.384380351,-0.603330857,-0.256417071,0.371285286,0.179661112,-0.561462068,1.100784003,0.450963548,3.807228916,3.066863606
17,202,-0.418381846,Jalen Green,HOU,SG,,76,34.24035088,22.14473684,2.460526316,3.736842105,3.697368421,0.776315789,0.236842105,0.416482708,17.88157895,0.786177106,6.092105263,2.631578947,0.803358403,0.776730327,-0.872588226,-0.075607088,-0.539765575,-0.801794641,-1.936518283,-0.233914784,-0.885336752,4.789473684,2.975660474
6,69,-0.023423531,Louis King,PHI,SF,,1,28.8,20,4,4,2,1,0,0.615384615,13,0,1,2,0.474401139,2.200006612,-0.763358697,-0.827425532,0.096932179,-1.268470292,2.181840267,-2.18563853,-0.119098929,0,2.961617577
11,122,-0.214409498,Jusuf Nurkic,POR,C,,52,26.75929487,13.34615385,0.826923077,9.057692308,2.865384615,0.826923077,0.846153846,0.518811881,9.711538462,0.661458333,3.692307692,2.288461538,-0.546158114,-0.733570741,1.335948828,-0.444119169,-0.395716309,0.398798273,0.323446773,-1.399251702,-0.469063319,2.442307692,2.957639626
6,63,-0.005549244,Andrew Wiggins,GSW,SF/PF,,37,32.16936937,17.10810811,2.405405405,5.027027027,2.297297297,1.216216216,0.756756757,0.472589792,14.2972973,0.611111111,1.945945946,1.297297297,0.030846094,0.725769869,-0.337068319,-0.695743106,0.712372933,0.222649505,-0.436170917,-1.006026195,0.733426938,1.189189189,2.934251282
7,78,-0.052519916,Devin Vassell,SAS,SG/SF,,38,31.00219298,18.5,2.710526316,3.894736842,3.578947368,1.131578947,0.447368421,0.438655462,15.65789474,0.78,2.631578947,1.5,0.244332868,1.007860664,-0.807050508,-0.128059538,0.47146027,-0.386971841,-1.214831016,-0.14692616,0.487506015,2.052631579,2.874920751
5,60,0.004832691,Rudy Gobert,MIN,C,,70,30.69214286,13.41428571,0,11.62857143,1.242857143,0.8,1.357142857,0.659340659,7.8,0.644117647,4.857142857,1.742857143,-0.535708127,-1.498078778,2.403049307,-1.162788177,-0.472350518,1.405655263,1.780478352,-2.069632431,0.192869328,3.128571429,2.865568585
23,274,-0.582798332,Jaden Ivey,DET,PG/SG,,74,31.13963964,16.27027027,1.621621622,3.891891892,5.22972973,0.824324324,0.22972973,0.416073245,13.28378378,0.747191011,4.810810811,3.202702703,-0.097660508,0.001145029,-0.808231368,0.603124459,-0.403113433,-0.815808925,-1.449405483,-0.697005023,-1.578229739,3.594594595,2.800491658
6,72,-0.026391785,Jerami Grant,POR,PF,,63,35.64338624,20.47619048,2.285714286,4.492063492,2.380952381,0.80952381,0.841269841,0.475355969,14.49206349,0.812865497,5.428571429,1.841269841,0.547438685,0.615112873,-0.559116815,-0.658689609,-0.445241818,0.389174789,-0.386233967,0.186555729,0.073474069,4.412698413,2.770578009
4,37,0.136442404,Skylar Mays,POR,SG,,6,31.46111111,15.33333333,2,3.166666667,8.333333333,1,0.166666667,0.5,11.33333333,0.923076923,2.166666667,1.666666667,-0.241366815,0.350963917,-1.109252205,1.977809178,0.096932179,-0.940068908,0.083308436,0.724351492,0.285304367,2,2.76226444
8,94,-0.108863356,Spencer Dinwiddie,BKN,PG/SG,,79,34.49831224,17.32911392,2.291139241,3.417721519,6.518987342,0.848101266,0.303797468,0.438095238,13.29113924,0.812121212,4.17721519,1.835443038,0.064743711,0.62012836,-1.005046313,1.174177649,-0.335434426,-0.669865238,-1.043465115,0.134447963,0.080543204,3.392405063,2.686736144
8,90,-0.098412804,Markelle Fultz,ORL,PG/SG,,60,29.63361111,13.95,0.45,3.9,5.683333333,1.45,0.433333333,0.513991163,11.31666667,0.783216783,2.383333333,2.316666667,-0.453540887,-1.082044172,-0.804865918,0.804039918,1.377818249,-0.414626694,0.303189278,-0.112402948,-0.50328206,1.866666667,2.657449255
9,101,-0.13010027,Anfernee Simons,POR,PG/SG,,62,35.00994624,21.06451613,3.419354839,2.596774194,4.080645161,0.677419355,0.225806452,0.446889952,16.85483871,0.893854749,2.887096774,2.064516129,0.637675396,1.663187765,-1.345798733,0.094158367,-0.82126572,-0.823539385,-1.11386338,0.735913796,-0.197370535,2.580645161,2.527476805
8,92,-0.103622388,Kelly Oubre,CHA,SG/SF,,48,32.24027778,20.25,2.25,5.1875,1.125,1.416666667,0.375,0.431013431,17.0625,0.759615385,4.333333333,1.333333333,0.512745851,0.582094254,-0.270460447,-1.214990853,1.282937799,-0.529567178,-1.503867312,-0.48120127,0.689707662,3.291666667,2.506159885
9,99,-0.119832049,PJ Washington,CHA,PF/C,,73,32.59680365,15.67123288,2.04109589,4.904109589,2.397260274,0.904109589,1.082191781,0.443762781,13.39726027,0.729885057,2.383561644,1.506849315,-0.189540173,0.388957945,-0.388087931,-0.651466325,-0.17601158,0.863889379,-0.946182762,-0.459243354,0.479196358,1.739726027,2.398708494
15,172,-0.362086932,Steven Adams,MEM,C,,42,26.98293651,8.595238095,0,11.54761905,2.30952381,0.857142857,1.095238095,0.596958175,6.261904762,0.364341085,3.071428571,1.880952381,-1.274848095,-1.498078778,2.369448223,-0.690327595,-0.309698319,0.889595945,0.884057447,-3.654262038,0.02533082,1.119047619,2.344608602
6,67,-0.019823195,Jakob Poeltl,TOR,C,,72,26.47384259,12.45833333,0,9.069444444,2.736111111,0.916666667,1.194444444,0.629449838,8.583333333,0.592039801,2.791666667,1.736111111,-0.682331001,-1.498078778,1.340826813,-0.501378515,-0.140268945,1.08507296,1.6040356,-1.587340565,0.20105368,1.652777778,2.277102444
9,108,-0.159107772,Kelly Olynyk,UTA,PF/C,,68,28.55392157,12.45588235,1.367647059,6.176470588,3.705882353,0.882352941,0.544117647,0.499102334,8.191176471,0.853448276,3.411764706,2.470588235,-0.68270693,-0.233659877,0.140033761,-0.071835997,-0.237939996,-0.196336362,0.046483278,0.494013406,-0.690021229,2.911764706,2.23207772
12,136,-0.265244165,Ben Simmons,BKN,PG/SG/PF,,42,26.30833333,6.928571429,0,6.261904762,6.095238095,1.285714286,0.571428571,0.565957447,5.595238095,0.438596491,1.357142857,2.30952381,-1.530479508,-1.498078778,0.175495112,0.986485634,0.910193176,-0.14252269,0.547552081,-1.34122624,-0.494616275,0.595238095,2.16784361
15,170,-0.361128071,Killian Hayes,DET,PG/SG,,76,28.33618421,10.34210526,1.052631579,2.907894737,6.184210526,1.368421053,0.368421053,0.376687117,10.72368421,0.821428571,1.473684211,2.276315789,-1.006915623,-0.524898412,-1.216661242,1.025894353,1.145610833,-0.542530391,-1.759433637,0.083109461,-0.454327977,1.210526316,2.125930278
7,75,-0.04730222,De'Anthony Melton,PHI,PG/SG,,77,27.91926407,10.12987013,2.038961039,4.051948052,2.558441558,1.636363636,0.532467532,0.425499232,8.454545455,0.793103448,1.12987013,1.324675325,-1.039468003,0.386984229,-0.741796504,-0.580074009,1.908286217,-0.219291845,-0.816344186,-0.024227527,0.700211644,0.896103896,1.936763929
14,165,-0.349202523,Keldon Johnson,SAS,SF/PF,Probable - hamstring,63,32.7521164,21.98412698,2.126984127,5.047619048,2.904761905,0.73015873,0.174603175,0.451931716,17.66666667,0.749235474,5.19047619,2.126984127,0.778724249,0.468363453,-0.328521143,-0.426677716,-0.671147651,-0.924430747,-1.043129356,-0.722846466,-0.273157327,3.888888889,1.898838372
8,91,-0.099484227,Christian Wood,DAL,PF/C,,67,25.94626866,16.62686567,1.567164179,7.328358209,1.805970149,0.447761194,1.074626866,0.514954486,11.47761194,0.772241993,4.194029851,1.805970149,-0.042966316,-0.04920204,0.618150301,-0.913367522,-1.474967806,0.848983408,0.323045742,-0.321333815,0.116300004,3.23880597,1.808686954
10,118,-0.194797741,Kyle Lowry,MIA,PG,,55,31.23121212,11.18181818,1.945454545,4.090909091,5.109090909,1.036363636,0.381818182,0.404123711,8.818181818,0.859259259,2.454545455,1.872727273,-0.878121423,0.30053548,-0.725624859,0.549689689,0.200438124,-0.516132576,-1.112843746,0.393570044,0.035309602,2.109090909,1.780953217
3,33,0.156011383,Jarrett Allen,CLE,C,Questionable - left ankle,68,32.64779412,14.25,0.014705882,9.794117647,1.661764706,0.794117647,1.235294118,0.643769968,9.205882353,0.733031674,3.25,1.367647059,-0.407527233,-1.484482876,1.641618521,-0.977240698,-0.489094127,1.165563495,1.90448639,-0.597298933,0.648077911,2.382352941,1.654254888
7,82,-0.062997159,Kyle Anderson,MIN,SF/PF,,69,28.35531401,9.376811594,0.623188406,5.333333333,4.855072464,1.130434783,0.913043478,0.509090909,7.173913043,0.735294118,1.971014493,1.492753623,-1.154971253,-0.921927794,-0.209929083,0.437176843,0.468203504,0.530598159,0.138713847,-0.351136043,0.49629739,1.449275362,1.549967267
9,100,-0.12378283,Mike Conley,MIN,PG,,67,30.27313433,11.91044776,2.014925373,2.71641791,6.71641791,1.089552239,0.208955224,0.427868852,9.104477612,0.834319527,2.52238806,1.537313433,-0.766365058,0.364762743,-1.296137951,1.261625925,0.35183488,-0.856743184,-0.848146572,0.232886764,0.442236989,2.104477612,1.490508731
9,106,-0.158443115,Franz Wagner,ORL,SG/SF/PF,,80,32.60895833,18.5625,1.625,4.1125,3.5375,0.9625,0.2125,0.484794275,13.975,0.841614907,4.025,2.0875,0.253919046,0.004268411,-0.716663073,-0.146417895,-0.009808327,-0.849758528,-0.189614885,0.453342008,-0.225254794,3.3875,1.459246
9,105,-0.155511954,Wendell Carter Jr.,ORL,PF/C,,57,29.64181287,15.22807018,1.403508772,8.719298246,2.315789474,0.526315789,0.578947368,0.525285481,10.75438596,0.738461538,3.421052632,1.859649123,-0.257511957,-0.200504957,1.195490857,-0.687552333,-1.251368946,-0.12770759,0.45628305,-0.577911849,0.051176143,2.526315789,1.4314013
6,70,-0.024489152,Kris Dunn,UTA,PG/SG,,22,25.7969697,13.18181818,0.772727273,4.545454545,5.636363636,1.136363636,0.454545455,0.537037037,9.818181818,0.773584906,2.409090909,1.590909091,-0.571363729,-0.783675919,-0.536955673,0.783235546,0.485079473,-0.372830154,0.575791931,-0.17689805,0.377214207,1.863636364,1.397529853
7,73,-0.026896732,Jalen Williams,OKC,SG/SF,,75,30.34,14.08,0.973333333,4.493333333,3.306666667,1.373333333,0.466666667,0.521410579,10.58666667,0.811518325,2.546666667,1.64,-0.433601637,-0.598211333,-0.55858974,-0.248661318,1.159593215,-0.348946417,0.391964574,0.076725434,0.31765663,2.066666667,1.393410821
5,56,0.017796157,Deandre Ayton,PHO,C,,67,30.37985075,17.95522388,0.104477612,9.955223881,1.71641791,0.552238806,0.791044776,0.588500564,13.23880597,0.76,2.985074627,1.791044776,0.160775735,-1.401486996,1.708489242,-0.953033056,-1.177581323,0.290210903,1.727571789,-0.329188496,0.134407615,2.268656716,1.182597659
16,191,-0.402349025,Victor Oladipo,MIA,SG/SF,Injured - torn patella tendon (0g) - 1/1/2024,42,26.32301587,10.69047619,1.666666667,3.047619048,3.476190476,1.357142857,0.285714286,0.397022333,9.595238095,0.746835443,1.880952381,2.071428571,-0.953482892,0.042790134,-1.158665563,-0.173573832,1.113508425,-0.705496491,-1.304479007,-0.275985217,-0.205756778,1.404761905,1.128607779
10,110,-0.164572898,Bojan Bogdanovic,DET,SF/PF,Questionable - low-grade right calf strain,59,32.08276836,21.57627119,2.457627119,3.779661017,2.576271186,0.576271186,0.13559322,0.487528345,14.94915254,0.884488449,5.13559322,2.288135593,0.716167796,0.774049957,-0.854815285,-0.5721767,-1.109175231,-1.001296285,-0.145153515,1.179911063,-0.468667879,4.542372881,1.128599512
8,89,-0.089323565,Kevin Huerter,SAC,SG/SF,,75,29.37133333,15.2,2.733333333,3.346666667,2.946666667,1.066666667,0.32,0.484988453,11.54666667,0.72519084,1.746666667,1.293333333,-0.261817328,1.028946238,-1.034539207,-0.408116765,0.286693078,-0.637939635,-0.155751242,-0.359623286,0.738236058,1.266666667,1.120879577
5,52,0.040345586,Mitchell Robinson,NYK,C,,59,26.96779661,7.372881356,0,9.406779661,0.898305085,0.949152542,1.847457627,0.671428571,4.745762712,0.483606557,2.06779661,0.694915254,-1.462331763,-1.498078778,1.480845287,-1.315401239,-0.04780071,2.371775558,1.158057824,-1.788198688,1.464242788,1,1.115738085
11,123,-0.214802572,Aaron Gordon,DEN,SF/PF,,68,30.22181373,16.30882353,0.882352941,6.558823529,2.985294118,0.794117647,0.75,0.563731932,11.19117647,0.608280255,4.617647059,1.441176471,-0.091747253,-0.682324648,0.298737841,-0.391007438,-0.489094127,0.209335936,1.07322532,-2.419220085,0.558871302,2.808823529,1.087977671
8,96,-0.116167271,Tre Jones,SAS,PG,,68,29.17156863,12.86764706,0.661764706,3.602941176,6.588235294,1.308823529,0.132352941,0.458950202,10.92647059,0.860465116,2.529411765,1.617647059,-0.619550934,-0.886263181,-0.92816678,1.204849769,0.975971639,-1.007680958,-0.54341889,0.41397846,0.34477544,2.176470588,1.073954146
8,87,-0.0883923,Josh Hart,NYK,SG/SF,,76,32.29035088,9.776315789,0.802631579,7.802631579,3.815789474,1.157894737,0.276315789,0.528846154,6.842105263,0.75,2.315789474,1.539473684,-1.09369576,-0.756028749,0.815007997,-0.023154638,0.546365888,-0.724015366,0.319542855,-0.319169076,0.439616151,1.736842105,1.059148452
10,112,-0.167275687,Donte DiVincenzo,GSW,PG/SG,,72,26.30856481,9.416666667,2.083333333,4.513888889,3.5,1.347222222,0.138888889,0.435185185,7.5,0.816901408,0.986111111,1.555555556,-1.148858328,0.428007362,-0.5500577,-0.163027837,1.085270196,-0.994802472,-0.624657843,0.042539974,0.420105465,0.805555556,1.050194444
11,132,-0.260068077,Royce O'Neale,BKN,SG/SF,,76,31.69692982,8.828947368,2.144736842,5.052631579,3.723684211,0.855263158,0.644736842,0.386172007,7.802631579,0.724637681,0.907894737,1.5,-1.239002037,0.484776217,-0.326440581,-0.063950988,-0.31504872,0.001924535,-1.180784414,-0.189592722,0.487506015,0.657894737,1.016525224
6,64,-0.015046074,Gary Trent,TOR,PG/SG,,66,32.08964646,17.39393939,2.515151515,2.621212121,1.606060606,1.575757576,0.212121212,0.43315508,14.16666667,0.83902439,3.106060606,0.833333333,0.074686567,0.82723249,-1.335655229,-1.001913815,1.735776308,-0.850504895,-1.208620116,0.327271415,1.296312606,2.606060606,0.955908317
7,77,-0.051523327,Tyrese Maxey,PHI,PG/SG,,60,33.59472222,20.3,2.666666667,2.933333333,3.533333333,0.816666667,0.133333333,0.480832421,15.21666667,0.845070423,3.55,1.333333333,0.520414793,0.967311482,-1.206102387,-0.148263444,-0.424910293,-1.005749185,-0.289111582,0.43299301,0.689707662,3,0.802938777
5,58,0.005445204,Tobias Harris,PHI,SF/PF,,74,32.91711712,14.66216216,1.702702703,5.72972973,2.513513514,0.918918919,0.540540541,0.500591716,11.41891892,0.875968992,1.743243243,1.202702703,-0.344310276,0.076106219,-0.045395955,-0.599974069,-0.133858104,-0.203384723,0.093422439,0.358211267,0.848190035,1.527027027,0.729785111
13,149,-0.30289457,Khris Middleton,MIL,SF/PF,Probable - load management,33,24.26515152,15.06060606,1.545454545,4.242424242,4.939393939,0.696969697,0.151515152,0.435960591,12.3030303,0.901960784,3.090909091,2.151515152,-0.28319741,-0.069273059,-0.66273513,0.474525506,-0.765617362,-0.96992358,-1.003326463,0.856414977,-0.302918609,2.787878788,0.72665938
5,54,0.03008837,Cam Johnson,BKN,SF/PF,Questionable - mild left hamstring strain,42,28.56587302,15.47619048,2.452380952,4.404761905,1.857142857,1.19047619,0.333333333,0.470464135,11.28571429,0.841666667,2.857142857,0.880952381,-0.219455551,0.769199765,-0.595353278,-0.890701502,0.639106177,-0.611667524,-0.38029895,0.32142549,1.238540706,2.404761905,0.700162019
9,103,-0.145176599,Herb Jones,NOR,SG/SF/PF,,66,29.55353535,9.833333333,0.848484848,4.075757576,2.454545455,1.560606061,0.636363636,0.469061876,7.590909091,0.763975155,2.439393939,1.333333333,-1.084950475,-0.713636423,-0.731913832,-0.626092897,1.692648831,-0.014574099,-0.274730359,-0.243047803,0.689707662,1.863636364,0.596562703
7,81,-0.062921749,Michael Porter Jr.,DEN,SF/PF,Questionable - sprained left ankle,62,28.99704301,17.41935484,3.032258065,5.5,1.048387097,0.596774194,0.467741935,0.487148103,13.17741935,0.8,1.935483871,1.096774194,0.078584759,1.305308534,-0.140750381,-1.248925144,-1.050815195,-0.346827699,-0.136413651,-0.003160509,0.97670355,1.548387097,0.527532318
4,41,0.106082502,Clint Capela,ATL,C,,65,26.61820513,11.98461538,0,11.03076923,0.892307692,0.692307692,1.215384615,0.652985075,8.246153846,0.603053435,2.015384615,0.830769231,-0.754989314,-1.498078778,2.154918227,-1.318057675,-0.778887355,1.126333646,1.810216124,-1.086135755,1.2994234,1.215384615,0.474579241
11,121,-0.202048054,Bruce Brown,DEN,SG/SF/PF,,80,28.49375,11.5375,1.1375,4.1,3.35,1.0875,0.6375,0.483130904,9.2625,0.758169935,1.9125,1.5375,-0.823567356,-0.446435745,-0.721851476,-0.229467607,0.345993359,-0.012334999,-0.151354087,-0.221425222,0.442010644,1.45,0.458969746
5,57,0.011242351,Walker Kessler,UTA,PF/C,,74,23.01756757,9.175675676,0.013513514,8.378378378,0.932432432,0.351351351,2.337837838,0.719806763,5.594594595,0.51572327,2.148648649,0.783783784,-1.185821248,-1.485585247,1.053984494,-1.300285152,-1.749390083,3.338024797,1.743561218,-1.66973423,1.356426609,1.108108108,0.439753621
13,146,-0.298009067,Zach Collins,SAS,PF/C,,63,22.86693122,11.6031746,0.873015873,6.380952381,2.857142857,0.587301587,0.777777778,0.518248175,8.698412698,0.76056338,2.253968254,2.047619048,-0.813494261,-0.690956967,0.22490847,-0.447769706,-1.077778149,0.2640695,0.28156964,-0.245759303,-0.176870828,1.714285714,0.409203449
9,107,-0.158810409,Immanuel Quickley,NYK,PG/SG,,81,28.93806584,14.92592593,2.074074074,4.160493827,3.444444444,0.987654321,0.172839506,0.447649573,11.55555556,0.818548387,3.061728395,1.234567901,-0.303854494,0.41944698,-0.696742169,-0.187635159,0.061791272,-0.927905894,-0.755439572,0.151514493,0.809530861,2.50617284,0.32312358
8,86,-0.08826633,Derrick White,BOS,PG/SG,,82,28.28292683,12.40243902,1.817073171,3.573170732,3.914634146,0.658536585,0.926829268,0.461741425,9.243902439,0.875,2.341463415,1.158536585,-0.690904006,0.181844158,-0.940523664,0.02062681,-0.87501389,0.557761794,-0.425832931,0.475871951,0.901772805,2.048780488,0.305001723
14,161,-0.343499597,Caris LeVert,CLE,SG/SF,,74,30.23243243,12.12162162,1.716216216,3.810810811,3.878378378,0.972972973,0.324324324,0.431266846,10.02702703,0.722222222,2.432432432,1.567567568,-0.733975455,0.088599751,-0.841885872,0.004567977,0.020002085,-0.629418951,-0.885459099,-0.519459181,0.405532373,1.756756757,0.274690116
25,290,-0.605195906,R.J. Barrett,NYK,SG/SF,,73,33.91073059,19.60273973,1.657534247,5.04109589,2.753424658,0.424657534,0.205479452,0.433673469,16.10958904,0.739795918,5.369863014,2.246575342,0.413469816,0.034347017,-0.331228724,-0.493709795,-1.540730375,-0.863591874,-1.36103818,-0.886034463,-0.418246572,3.97260274,0.270100208
5,59,0.00524866,Delon Wright,WAS,PG/SG,,50,24.423,7.38,0.82,3.6,3.88,1.84,0.34,0.474226804,5.82,0.866666667,1.2,0.88,-1.461239914,-0.739971273,-0.929387581,0.005286245,2.487919509,-0.598531469,-0.1718197,0.215285974,1.239696144,1.04,0.266848934
4,45,0.070294817,Trey Murphy,NOR,SF/PF,Injured - torn meniscus (0g) - 12/1/2023,79,30.98670886,14.53164557,2.556962025,3.556962025,1.417721519,1.126582278,0.544303797,0.48375,10.12658228,0.905263158,2.405063291,0.772151899,-0.36432876,0.865887199,-0.947251448,-1.085335185,0.457237684,-0.19596957,-0.155580596,0.687455503,1.370538527,2.17721519,0.252263012
12,144,-0.297699465,Jabari Smith Jr,HOU,PF/C,,79,31.01940928,12.78481013,1.518987342,7.202531646,1.278481013,0.544303797,0.936708861,0.408071749,11.29113924,0.786407767,2.607594937,1.316455696,-0.632256367,-0.093742554,0.565923192,-1.147009233,-1.200167638,0.577228625,-1.359431412,-0.100023579,0.710183779,2.050632911,0.243343264
8,95,-0.109145591,Kentavious Caldwell-Pope,DEN,SG/SF,,76,31.33179825,10.81578947,1.776315789,2.736842105,2.407894737,1.473684211,0.460526316,0.462025316,8.315789474,0.824,1.644736842,1.131578947,-0.934262485,0.144163089,-1.287660436,-0.646755983,1.445233305,-0.361045416,-0.381068762,0.104608292,0.934478078,1.355263158,0.229724757
10,120,-0.200460404,Jonas Valanciunas,NOR,C,,79,24.91540084,14.11392405,0.481012658,10.17721519,1.772151899,0.253164557,0.658227848,0.546568627,10.32911392,0.825892857,2.835443038,2.012658228,-0.428398405,-1.053372307,1.800631665,-0.9283467,-2.028870299,0.028507325,0.743226006,0.196935092,-0.134456016,2.341772152,0.208308663
13,155,-0.319983948,Gordon Hayward,CHA,SF/PF,Probable - right foot discomfort,50,31.53766667,14.66,1.04,4.3,4.12,0.84,0.24,0.475043029,11.62,0.811320755,3.18,1.98,-0.344641906,-0.536576577,-0.638837034,0.111589876,-0.358493979,-0.795572299,-0.317251717,0.094762838,-0.094834731,2.58,0.172422047
16,192,-0.402994638,Jalen Suggs,ORL,PG/SG,,53,23.50660377,9.886792453,1.245283019,3.037735849,2.924528302,1.264150943,0.509433962,0.418918919,8.377358491,0.722689076,2.245283019,1.773584906,-1.076750977,-0.346788044,-1.162767805,-0.41792255,0.848814987,-0.264677383,-0.885610124,-0.47683995,0.155590102,1.622641509,0.165221814
10,116,-0.177491415,Jaden McDaniels,MIN,SF/PF,Doubtful - left calf soreness (0g) - 10/28/2023,79,30.58755274,12.06329114,1.35443038,3.886075949,1.873417722,0.936708861,0.962025316,0.516759777,9.063291139,0.736111111,1.82278481,1.417721519,-0.742922117,-0.245878978,-0.810645404,-0.883492848,-0.083220573,0.62711238,0.275166356,-0.320868632,0.587327081,1.341772152,0.126111149
14,160,-0.33907558,Dennis Smith Jr.,CHA,PG,Questionable - sprained ankle,54,25.7367284,8.777777778,0.444444444,3.092592593,4.833333333,1.388888889,0.462962963,0.411504425,8.37037037,0.735849057,1.962962963,1.518518519,-1.246850369,-1.087180402,-1.139998295,0.427547891,1.203870758,-0.356244226,-0.971124153,-0.346740591,0.465039165,1.444444444,0.030618719
6,65,-0.016095363,Al Horford,BOS,PF/C,,63,30.50952381,9.777777778,2.301587302,6.19047619,3,0.476190476,0.968253968,0.475991649,7.603174603,0.714285714,0.333333333,0.587301587,-1.093471522,0.629787815,0.145847097,-0.384493735,-1.394046314,0.639385367,-0.201937532,-0.080730199,1.594800752,0.238095238,0.006592911
10,114,-0.169366472,Ivica Zubac,LAC,C,,76,28.54627193,10.76315789,0,9.947368421,1.013157895,0.381578947,1.289473684,0.634241245,6.763157895,0.697478992,3.131578947,1.539473684,-0.942335056,-1.498078778,1.705228659,-1.264529278,-1.663349846,1.272319363,1.30623056,-0.879400019,0.439616151,2.184210526,-0.020778619
10,109,-0.159839791,Malcolm Brogdon,BOS,PG/SG,,67,26.02636816,14.92537313,1.970149254,4.179104478,3.701492537,0.671641791,0.268656716,0.483606557,10.92537313,0.869565217,2.746268657,1.462686567,-0.30393928,0.323366265,-0.689017405,-0.073780386,-0.837711055,-0.739106867,-0.169031937,0.517887503,0.53277504,2.388059701,-0.094611174
15,177,-0.369438209,Luguentz Dort,OKC,SG/SF,,74,30.70743243,13.68918919,1.824324324,4.648648649,2.081081081,1.013513514,0.310810811,0.388316151,11.7972973,0.772200772,3.5,1.243243243,-0.493543749,0.188548004,-0.494122668,-0.791512143,0.135397226,-0.65604609,-1.74367108,-0.268999233,0.79900585,2.702702703,-0.169933324
11,125,-0.218351596,Bogdan Bogdanovic,ATL,SG/SF,,54,27.9345679,14,2.703703704,3.055555556,2.777777778,0.796296296,0.333333333,0.446808511,11.31481481,0.831168831,1.425925926,1.203703704,-0.445871945,1.001553013,-1.15537134,-0.482923023,-0.48289279,-0.611667524,-0.753189209,0.118222843,0.846975611,1.185185185,-0.177404371
11,126,-0.219677047,Cole Anthony,ORL,PG,,60,25.86305556,13.01666667,1.25,4.8,3.916666667,0.616666667,0.516666667,0.454098361,10.16666667,0.894117647,2.833333333,1.516666667,-0.596694478,-0.342427094,-0.431300928,0.021527078,-0.994192991,-0.250426002,-0.575056576,0.724191723,0.46728585,2.533333333,-0.309495952
13,150,-0.30557992,Norman Powell,LAC,SG/SF,,60,26.11805556,16.98333333,1.9,2.916666667,1.816666667,0.833333333,0.3,0.478873239,11.83333333,0.812274368,4.616666667,1.683333333,0.011708283,0.258511782,-1.213020258,-0.908629694,-0.377470069,-0.677347801,-0.259860737,0.15080501,0.265084202,3.75,-0.50308295
9,102,-0.13623218,John Collins,ATL,PF/C,,71,29.99530516,13.11267606,0.985915493,6.507042254,1.197183099,0.591549296,1.028169014,0.507779349,9.957746479,0.803370787,2.507042254,1.112676056,-0.581968668,-0.586578858,0.277244873,-1.183018664,-1.065687414,0.757442471,0.179306162,0.019759229,0.957411252,2.014084507,-0.520723624
12,137,-0.266646853,Mason Plumlee,LAC,C,,79,25.99556962,10.84810127,0,8.860759494,3.101265823,0.582278481,0.594936709,0.679752066,6.126582278,0.635782748,3.962025316,1.481012658,-0.929306539,-1.498078778,1.25420749,-0.339639883,-1.092075986,-0.096202061,1.569550982,-1.778818545,0.510541645,2.518987342,-0.557984628
16,189,-0.395364345,Deni Avdija,WAS,SF/PF,Questionable - back tightness,76,26.58311404,9.171052632,0.907894737,6.407894737,2.776315789,0.855263158,0.381578947,0.436960276,7.618421053,0.739393939,2.171052632,1.618421053,-1.186530326,-0.658710713,0.236091494,-0.483570585,-0.31504872,-0.516603966,-0.615528678,-0.362214038,0.343836423,1.605263158,-0.587154083
19,224,-0.460731394,Dillon Brooks,MEM,SG/SF,,73,30.33287671,14.34246575,1.95890411,3.342465753,2.589041096,0.890410959,0.219178082,0.39556004,13.57534247,0.779220779,2.109589041,1.424657534,-0.393344942,0.312969889,-1.03628289,-0.566520501,-0.215003545,-0.836599979,-1.867910458,-0.122802355,0.578912239,1.643835616,-0.610943827
15,178,-0.370377937,Malik Monk,SAC,SG,,77,22.32900433,13.51948052,1.857142857,2.636363636,3.87012987,0.636363636,0.25974026,0.448492462,10.33766234,0.888888889,2.688311688,1.896103896,-0.519573469,0.218889439,-1.329366256,0.000914451,-0.938127271,-0.756675928,-0.665046308,0.648635059,0.006948852,2.38961039,-0.62780932
15,176,-0.368743557,Isaiah Stewart,DET,PF/C,,50,28.28,11.34,1.34,8.06,1.4,0.4,0.68,0.442176871,8.82,0.738255034,2.98,1.36,-0.853859678,-0.259220173,0.921834477,-1.093184609,-1.610915913,0.071407354,-0.646676533,-0.505432339,0.657355399,2.2,-0.698208381
6,71,-0.024737338,Robert Williams,BOS,C,,35,23.53095238,7.971428571,0,8.342857143,1.428571429,0.628571429,1.371428571,0.747058824,4.857142857,0.609756098,1.171428571,0.971428571,-1.370527281,-1.498078778,1.039240616,-1.080529415,-0.960307116,1.433803953,1.696003759,-0.611015874,1.128774098,0.714285714,-0.714933174
11,124,-0.215142872,Alex Caruso,CHI,PG/SG,Probable - ankle,67,23.51318408,5.582089552,0.820895522,2.925373134,2.880597015,1.462686567,0.686567164,0.454545455,4.268656716,0.808219178,1.089552239,1.149253731,-1.737001346,-0.739143344,-1.209406445,-0.437381114,1.413929464,0.084347349,-0.246140724,0.021475455,0.913034855,0.880597015,-0.772818843
10,119,-0.198962911,Bobby Portis,MIL,PF/C,,70,25.97809524,14.1,1.357142857,9.6,1.5,0.414285714,0.228571429,0.495641345,11.47142857,0.768,1.785714286,1.157142857,-0.43053406,-0.243371235,1.56104568,-1.04889143,-1.570252863,-0.818091252,0.014997188,-0.159031917,0.90346369,1.371428571,-0.779157729
12,143,-0.295033815,Tari Eason,HOU,SF/PF,,82,21.5504065,9.268292683,0.719512195,6.048780488,1.073170732,1.170731707,0.573170732,0.448484848,8.048780488,0.751724138,1.768292683,1.231707317,-1.171615759,-0.832874394,0.087033149,-1.237947684,0.582905214,-0.139089923,-0.520685552,-0.236030738,0.81300135,1.329268293,-0.845125812
10,115,-0.17728191,Keegan Murray,SAC,SF/PF,Probable - right thumb soreness,80,29.77166667,12.2,2.575,4.6375,1.225,0.7625,0.525,0.452685422,9.775,0.765432099,1.0125,0.75,-0.72195387,0.882563692,-0.498750163,-1.170697674,-0.579091024,-0.234005933,-0.572583112,-0.098432534,1.39741343,0.775,-0.846151043
7,76,-0.049179885,Onyeka Okongwu,ATL,C,,80,23.10729167,9.8875,0.05,7.2,1.0125,0.7,1.3375,0.637826962,6.2125,0.780612245,2.45,1.0125,-1.076642454,-1.451852711,0.564872376,-1.26482068,-0.756991867,1.366950814,1.229801483,-0.132881758,1.078945834,1.9125,-0.890099667
15,180,-0.373675071,Aleksej Pokusevski,OKC,SF/PF/C,Injured - right ankle (0g) - 11/10/2023,34,20.62794118,8.117647059,1.117647059,4.676470588,1.882352941,0.588235294,1.264705882,0.43373494,7.323529412,0.628571429,1.029411765,1.264705882,-1.348100458,-0.464790213,-0.482574554,-0.879535155,-1.075120433,1.22351668,-0.625016871,-0.484421795,0.772967164,0.647058824,-0.891894319
12,135,-0.262742302,Jalen Duren,DET,PF/C,Probable - ankle,67,24.92810945,9.134328358,0,8.880597015,1.119402985,0.656716418,0.880597015,0.648241206,5.940298507,0.611464968,2.343283582,1.373134328,-1.192163052,-1.498078778,1.262441493,-1.217469949,-0.880194839,0.466665378,1.261329427,-1.208631103,0.641420702,1.432835821,-1.014309283
12,134,-0.262558116,Patrick Williams,CHI,PF,,82,28.3300813,10.15853659,1.402439024,3.987804878,1.219512195,0.87804878,0.853658537,0.463810931,8.256097561,0.857142857,1.280487805,1.231707317,-1.035071175,-0.201493962,-0.768420553,-1.173128397,-0.250191417,0.413585577,-0.357938328,0.196633861,0.81300135,1.097560976,-1.027445916
14,159,-0.337185732,T.J. McConnell,IND,PG,,75,20.34977778,8.666666667,0.346666667,3.12,5.293333333,1.08,0.133333333,0.54318618,6.946666667,0.852941176,0.906666667,1.906666667,-1.263892464,-1.177578045,-1.128622242,0.631296517,0.324645258,-1.005749185,0.46304639,0.128048183,-0.005866006,0.773333333,-1.061543842
18,214,-0.438706407,Andrew Nembhard,IND,PG/SG,Questionable - kidney stone,75,27.64622222,9.453333333,1.226666667,2.653333333,4.546666667,0.933333333,0.173333333,0.440993789,8.586666667,0.790322581,0.826666667,1.68,-1.143234437,-0.363999259,-1.322322606,0.300574109,-0.09282872,-0.926932853,-0.644020331,-0.024721799,0.269128235,0.653333333,-1.172711471
17,197,-0.411902365,Malik Beasley,LAL,SG/SF,,81,25.83888889,12.65432099,2.901234568,3.49382716,1.530864198,0.802469136,0.111111111,0.394877268,11.56790123,0.769230769,0.802469136,1.111111111,-0.65227064,1.184174514,-0.973456976,-1.035220695,-0.465322337,-1.049536036,-1.604542644,-0.07025633,0.959309859,0.617283951,-1.180803259
11,129,-0.255642935,Jarred Vanderbilt,LAL,PF/C,Questionable - left heel soreness,78,24.09722222,7.935897436,0.371794872,7.461538462,2.358974359,1.064102564,0.269230769,0.54767184,5.782051282,0.690647482,1.782051282,1.243589744,-1.375977006,-1.154346482,0.673429723,-0.668424374,0.279394582,-0.737975749,0.419335028,-0.53480761,0.798585473,1.230769231,-1.183502945
14,166,-0.352658935,Tim Hardaway Jr.,DAL,SG/SF,,71,30.31361502,14.35211268,2.985915493,3.535211268,1.816901408,0.690140845,0.169014085,0.401416765,11.92957746,0.76969697,2.323943662,0.845070423,-0.391865308,1.262463837,-0.956279583,-0.90852572,-0.785055099,-0.935443537,-1.545905179,-0.195392884,1.282073053,1.788732394,-1.195543677
14,164,-0.347487176,Josh Richardson,NOR,SG/SF,Questionable - right foot,65,23.53179487,10.06153846,1.646153846,2.692307692,2.676923077,1.061538462,0.307692308,0.431407942,8.523076923,0.851851852,1.246153846,1.323076923,-1.049948636,0.023825594,-1.306145433,-0.527594777,0.272096086,-0.662190814,-0.752877312,0.17329987,0.702150841,1.061538462,-1.252911427
11,127,-0.23982786,Saddiq Bey,ATL,SF/PF,,77,27.64437229,13.79220779,1.961038961,4.701298701,1.532467532,0.909090909,0.168831169,0.422248804,10.85714286,0.861344538,3.090909091,0.922077922,-0.477742874,0.314943605,-0.472269095,-1.034510527,-0.161832683,-0.935803955,-1.093773369,0.513891361,1.188646793,2.662337662,-1.269984142
12,133,-0.260245791,Tyus Jones,MEM,PG,,80,24.24375,10.2875,1.5125,2.5,5.2125,1.0375,0.075,0.438028169,8.875,0.8,1.25,0.925,-1.015290915,-0.09974024,-1.385967012,0.595492864,0.203672685,-1.12068967,-0.701795298,-0.00299623,1.185101699,1,-1.314365096
21,242,-0.517960556,Jeremy Sochan,SAS,PF,,56,26.02857143,10.96428571,0.589285714,5.267857143,2.535714286,0.767857143,0.410714286,0.452898551,9.857142857,0.698275862,2.071428571,1.732142857,-0.911486303,-0.953271556,-0.23710643,-0.590140641,-0.56384238,-0.459195453,-0.574368987,-0.57810126,0.205868005,1.446428571,-1.328409056
19,218,-0.448525662,Justise Winslow,POR,SF/PF,,29,26.75114943,6.75862069,0.482758621,5,3.379310345,1.034482759,0.379310345,0.409090909,6.827586207,0.714285714,0.965517241,1.482758621,-1.556546356,-1.051758128,-0.348286486,-0.216485123,0.195084368,-0.521074039,-0.817363786,-0.228724834,0.508423426,0.689655172,-1.378079148
25,293,-0.608184451,Talen Horton-Tucker,UTA,SG/SF,,65,20.20333333,10.73846154,0.892307692,3.230769231,3.784615385,0.630769231,0.446153846,0.419249592,9.430769231,0.75,2.584615385,1.938461538,-0.946122954,-0.673121268,-1.082645012,-0.036962634,-0.954051262,-0.389365049,-0.991045591,-0.355906433,-0.044439859,1.938461538,-1.404564425
19,217,-0.448362463,Dennis Schroder,LAL,PG,,66,30.08989899,12.57575758,1.121212121,2.5,4.515151515,0.757575758,0.151515152,0.415384615,9.848484848,0.857142857,3.818181818,1.696969697,-0.664320606,-0.461494237,-1.385967012,0.286615047,-0.593107454,-0.96992358,-1.087275472,0.591670718,0.248540431,3.272727273,-1.444196927
20,229,-0.4721696,Bones Hyland,LAC,PG/SG,,56,19.38452381,11.76785714,2.089285714,2.410714286,3.071428571,0.696428571,0.267857143,0.399299475,10.19642857,0.843137255,1.821428571,1.464285714,-0.788235443,0.433510466,-1.423027031,-0.35285575,-0.767157629,-0.740682354,-1.353152964,0.211239364,0.530834939,1.535714286,-1.450668938
21,246,-0.522862818,Bennedict Mathurin,IND,SG/SF,,78,28.49188034,16.69230769,1.282051282,4.076923077,1.487179487,0.615384615,0.166666667,0.434279706,12.19230769,0.828193833,5.820512821,1.948717949,-0.032928894,-0.312794999,-0.731430065,-1.054570042,-0.997842239,-0.940068908,-1.022889391,0.443642219,-0.056883037,4.820512821,-1.492372586
12,142,-0.285939911,Caleb Martin,MIA,SF/PF,Questionable - left knee tendinosis,71,29.257277,9.61971831,1.183098592,4.845070423,1.647887324,1,0.436619718,0.46350365,7.718309859,0.805309735,1.591549296,1.098591549,-1.117714501,-0.404278874,-0.412593449,-0.983387432,0.096932179,-0.408151174,-0.338743293,0.01997863,0.974498716,1.281690141,-1.523633441
14,162,-0.344601686,Naz Reid,MIN,C,,68,18.39607843,11.48529412,1.102941176,4.897058824,1.132352941,0.617647059,0.779411765,0.537261698,8.485294118,0.677165354,1.867647059,1.352941176,-0.831574634,-0.478386116,-0.391014508,-1.211734002,-0.991402389,0.267289121,0.498554334,-0.629066209,0.665919233,1.264705882,-1.585349478
15,179,-0.370733684,Bol Bol,ORL,PF/C,,70,21.5052381,9.057142857,0.428571429,5.785714286,0.985714286,0.428571429,1.214285714,0.546025105,6.828571429,0.759259259,1.542857143,1.6,-1.204001676,-1.101855344,-0.022158321,-1.276684925,-1.529589814,1.124168363,0.48189798,-0.174564445,0.366185026,1.171428571,-1.619106766
15,173,-0.365071192,Dorian Finney-Smith,BKN,SF/PF,,66,30.43585859,8.348484848,1.727272727,4.787878788,1.515151515,0.833333333,0.545454545,0.391217565,7.590909091,0.762711864,0.893939394,0.939393939,-1.312694824,0.098821731,-0.436332107,-1.042180342,-0.377470069,-0.193702127,-1.095864994,-0.093856825,1.16763883,0.681818182,-1.652626052
23,266,-0.566641955,Cam Payne,PHO,PG/SG,,48,20.17430556,10.27083333,1.416666667,2.208333333,4.458333333,0.6875,0.166666667,0.415011038,9.4375,0.765625,1.333333333,1.6875,-1.017847229,-0.188340203,-1.50702974,0.261448467,-0.792572036,-0.940068908,-1.047330254,-0.128066849,0.260029161,1.020833333,-1.81415363
11,131,-0.258814364,Monte Morris,WAS,PG,Questionable - lower back spasms,62,27.33682796,10.25806452,1.258064516,3.387096774,5.258064516,0.693548387,0.209677419,0.47961165,8.306451613,0.831168831,1.241935484,0.967741935,-1.019805696,-0.334971277,-1.017757793,0.615674837,-0.775355825,-0.855320164,-0.177660441,0.102620326,1.133246761,1.032258065,-1.835408901
13,156,-0.327048899,Jalen McDaniels,PHI,SF/PF,,80,23.90916667,9.4375,0.9625,4.325,1.625,1.0375,0.425,0.455429498,7.7125,0.84057971,1.725,1.1625,-1.145662935,-0.608226981,-0.628460228,-0.993524955,0.203672685,-0.431046763,-0.425031643,0.187876378,0.896964351,1.45,-1.867053535
19,223,-0.459536135,Eric Gordon,LAC,SG/SF,,69,28.48405797,12.4057971,1.913043478,1.942028986,2.652173913,0.623188406,0.362318841,0.445635528,9.463768116,0.820809249,2.507246377,1.507246377,-0.690388948,0.270570756,-1.617565274,-0.538556969,-0.975629425,-0.55455424,-0.647468366,0.139052611,0.478714639,2.057971014,-1.897988226
20,232,-0.484616032,Luka Samanic,UTA,PF,,7,22.97380952,9.857142857,1.142857143,4.285714286,2.142857143,0.857142857,0.285714286,0.456140351,8.142857143,0.692307692,1.857142857,1.428571429,-1.081298598,-0.441482953,-0.644766637,-0.764149561,-0.309698319,-0.705496491,-0.43999831,-0.548817287,0.574163864,1.285714286,-1.910129724
19,219,-0.449280831,Jose Alvarado,NOR,PG,Questionable - ankle,61,21.47377049,9.016393443,1.360655738,2.31147541,3.049180328,1.098360656,0.163934426,0.411042945,8.016393443,0.8125,1.31147541,1.327868852,-1.210251774,-0.240123502,-1.46421833,-0.362710204,0.376907276,-0.945452538,-0.935732174,0.041716541,0.696337225,1.06557377,-1.923381535
14,167,-0.355192998,Patrick Beverley,CHI,PG/SG,,67,27.11119403,6.194029851,1.194029851,3.686567164,2.895522388,0.940298507,0.611940299,0.4,5.373134328,0.723076923,0.970149254,0.895522388,-1.643142648,-0.394172692,-0.893455957,-0.430770192,-0.073002954,-0.062698047,-0.713819279,-0.206539444,1.22086423,0.701492537,-1.956961594
12,141,-0.28588805,Grayson Allen,MIL,SG/SF,,72,27.38773148,10.41666667,2.027777778,3.291666667,2.263888889,0.861111111,0.194444444,0.439856373,7.736111111,0.904761905,1.75,1,-0.995479481,0.376645065,-1.057368179,-0.710540752,-0.298403027,-0.885335344,-0.593708222,0.497086534,1.094110958,1.583333333,-1.965530438
13,153,-0.310915703,Quentin Grimes,NYK,SG/SF,,71,29.87183099,11.25352113,2.211267606,3.225352113,2.112676056,0.661971831,0.366197183,0.468438538,8.478873239,0.795918367,1.38028169,0.971830986,-0.867123708,0.546285328,-1.084893507,-0.777517724,-0.86523576,-0.546912322,-0.312730924,-0.018398595,1.128285884,1.098591549,-1.969381275
13,147,-0.300816717,Austin Reaves,LAL,SG/SF,,64,28.79947917,13.015625,1.34375,3.015625,3.359375,0.515625,0.296875,0.528571429,7.65625,0.864150943,4.140625,1.546875,-0.596854248,-0.255753218,-1.171945404,-0.225315121,-1.281799354,-0.683505327,0.356149047,0.721036366,0.430636801,3.578125,-2.027805673
16,185,-0.384649627,Alec Burks,DET,PG/SG/SF,,51,22.00816993,12.78431373,1.941176471,3.098039216,2.235294118,0.745098039,0.156862745,0.435729847,9,0.813829787,3.68627451,1.137254902,-0.632332504,0.296580308,-1.137737553,-0.723206285,-0.6286242,-0.959386637,-0.740245402,0.135513677,0.927591954,3,-2.062346642
14,157,-0.332542431,Torrey Craig,PHO,SF/PF,,79,24.65527426,7.443037975,1.265822785,5.392405063,1.481012658,0.632911392,0.784810127,0.456,6.329113924,0.711111111,0.569620253,0.924050633,-1.451571222,-0.327798592,-0.18541005,-1.057301527,-0.947953784,0.277926098,-0.346047398,-0.140978885,1.186253481,0.405063291,-2.096863981
11,130,-0.256268251,Harrison Barnes,SAC,SF/PF,,82,32.46361789,15,1.609756098,4.463414634,1.56097561,0.695121951,0.12195122,0.472819216,9.646341463,0.847457627,5.036585366,1.048780488,-0.292493097,-0.009824902,-0.57100816,-1.021883393,-0.770876811,-1.028176597,-0.295326424,0.648245134,1.034929988,4.268292683,-2.142855282
10,117,-0.186537544,Kevon Looney,GSW,C,,82,23.87235772,7.048780488,0,9.268292683,2.524390244,0.634146341,0.609756098,0.630208333,4.682926829,0.606451613,1.890243902,0.548780488,-1.512041981,-1.498078778,1.423363191,-0.595156419,-0.944438609,-0.067001814,0.874318236,-1.001336654,1.641534931,1.146341463,-2.168322718
11,128,-0.241743695,Mark Williams,CHA,C,,43,19.25542636,9,0,7.069767442,0.418604651,0.651162791,1.046511628,0.637450199,5.837209302,0.690721649,2.255813953,0.930232558,-1.212766181,-1.498078778,0.51081646,-1.527875814,-0.896002758,0.79358491,1.151689521,-0.675814121,1.178753508,1.558139535,-2.334442383
16,188,-0.390047853,Aaron Nesmith,IND,SG/SF,,73,24.88127854,10.10958904,1.575342466,3.794520548,1.342465753,0.753424658,0.465753425,0.427118644,8.082191781,0.838028169,1.945205479,1.02739726,-1.042578693,-0.041641039,-0.848647507,-1.118668357,-0.604923201,-0.350745877,-0.7627607,0.198662366,1.060872331,1.630136986,-2.381713682
17,196,-0.408491096,De'Andre Hunter,ATL,SF/PF,Playing - mild right knee bone bruise,67,31.72661692,15.35820896,1.492537313,4.23880597,1.402985075,0.52238806,0.253731343,0.46107056,12.26865672,0.826086957,3.089552239,1.223880597,-0.237551421,-0.11819617,-0.664236975,-1.091862425,-1.262548889,-0.768515947,-0.572466857,0.216462019,0.822496804,2.552238806,-2.384881855
24,284,-0.593339013,Reggie Jackson,DEN,PG/SG,,68,24.36617647,10.19117647,1.411764706,2.117647059,3.426470588,0.691176471,0.088235294,0.4109375,9.411764706,0.91025641,1.147058824,1.691176471,-1.030064907,-0.19287217,-1.544671092,-0.195596352,-0.78210728,-1.094610736,-1.097785393,0.342087981,0.25556883,1.044117647,-2.532699142
21,244,-0.520575005,Gabe Vincent,MIA,PG/SG,,68,25.86176471,9.426470588,1.720588235,2.132352941,2.455882353,0.911764706,0.073529412,0.402116402,8.338235294,0.871794872,1.147058824,1.352941176,-1.147354614,0.092641776,-1.538567089,-0.625500742,-0.154221952,-1.123587329,-1.0762227,0.221718374,0.665919233,1,-2.56642408
14,168,-0.35571146,Marvin Bagley III,DET,PF/C,,42,23.58174603,12,0.452380952,6.404761905,0.857142857,0.452380952,0.714285714,0.528795812,9.095238095,0.75,2.571428571,1.095238095,-0.752629639,-1.079842931,0.234791142,-1.333633299,-1.461818064,0.138964211,0.428302626,-0.354104342,0.978567159,1.928571429,-2.626776346
17,203,-0.42084177,Marcus Morris,LAC,PF/C,Probable - left groin strain,65,28.08,11.2,1.723076923,3.969230769,1.753846154,0.646153846,0.323076923,0.426127527,9.892307692,0.781609195,1.338461538,0.861538462,-0.875332717,0.094942621,-0.776130149,-0.936454897,-0.910260286,-0.63187684,-0.94438003,-0.070177498,1.262093865,1.046153846,-2.62802087
12,140,-0.280190817,Daniel Gafford,WAS,C,,78,20.56645299,9.038461538,0,5.551282051,1.076923077,0.423076923,1.269230769,0.73164557,5.064102564,0.679144385,2.397435897,1.08974359,-1.206866995,-1.498078778,-0.119464627,-1.236285651,-1.545229448,1.232432555,1.660343627,-0.793801185,0.985233148,1.628205128,-2.646973669
18,206,-0.423578695,Max Strus,MIA,SG/SF,,80,28.39875,11.5375,2.4625,3.225,2.1375,0.525,0.15,0.410126582,9.875,0.876404494,1.1125,0.875,-0.823567356,0.77855504,-1.085039659,-0.76652241,-1.255114227,-0.972909047,-1.16232162,0.228948832,1.245762194,0.975,-2.662945991
17,204,-0.42210678,Jevon Carter,MIL,PG/SG,,81,22.35,8.037037037,1.75308642,2.49382716,2.432098765,0.814814815,0.358024691,0.42300885,6.975308642,0.815789474,0.469135802,0.962962963,-1.36046433,0.122687041,-1.388529186,-0.636035249,-0.43018143,-0.563015468,-0.699868169,0.017401112,1.139044657,0.382716049,-2.695893825
20,239,-0.508442569,Collin Sexton,UTA,PG/SG,,48,23.85625,14.27083333,1,2.1875,2.875,0.5625,0.125,0.506410256,9.75,0.819095477,4.145833333,1.770833333,-0.40433184,-0.573557431,-1.515677078,-0.43986021,-1.148373722,-1.022169254,0.156751732,0.212306347,0.158928337,3.395833333,-2.791502176
13,152,-0.307836399,Drew Eubanks,POR,PF/C,Questionable - ankle,78,20.30405983,6.641025641,0.08974359,5.358974359,1.320512821,0.512820513,1.307692308,0.640718563,4.282051282,0.664,1.602564103,0.858974359,-1.574582949,-1.415108914,-0.199286206,-1.128392009,-1.289782084,1.30821749,0.860929583,-0.59772716,1.26520466,1.064102564,-2.80553127
19,226,-0.460879407,Joe Ingles,MIL,SF/PF,,46,22.68623188,6.891304348,1.804347826,2.782608696,3.260869565,0.717391304,0.130434783,0.435483871,5.391304348,0.857142857,0.456521739,1.195652174,-1.53619549,0.170079305,-1.268663996,-0.26894631,-0.707489024,-1.011460514,-0.45035144,0.068369002,0.856743806,0.391304348,-2.820417336
16,184,-0.384226086,Kenyon Martin Jr.,HOU,SF/PF,,82,27.95182927,12.67073171,0.829268293,5.512195122,1.5,0.5,0.365853659,0.569444444,8.780487805,0.68018018,2.707317073,1.109756098,-0.649753583,-0.731402539,-0.135688525,-1.04889143,-1.326274564,-0.547589206,0.909015907,-0.88840461,0.960953775,1.841463415,-2.84620799
18,216,-0.445680118,Jalen Smith,IND,PF/C,,68,18.80588235,9.441176471,0.794117647,5.794117647,0.970588235,0.308823529,0.882352941,0.476377953,7.470588235,0.759124088,2.014705882,1.058823529,-1.145099043,-0.763900061,-0.01867032,-1.283384734,-1.870441849,0.47012527,-0.194626569,-0.227869428,1.02274567,1.529411765,-2.940854426
16,182,-0.379156625,Santi Aldama,MEM,PF/C,,77,21.84155844,9.038961039,1.220779221,4.818181818,1.25974026,0.584415584,0.623376623,0.47047619,6.818181818,0.75,1.87012987,0.779220779,-1.206790382,-0.369442328,-0.423754161,-1.155310108,-1.085992906,-0.040163817,-0.234652526,-0.258265884,1.361962491,1.402597403,-2.951308068
18,207,-0.425062803,Coby White,CHI,PG/SG,,74,23.3768018,9.662162162,1.72972973,2.864864865,2.756756757,0.72972973,0.081081081,0.442760943,8.027027027,0.871428571,0.945945946,1,-1.111204512,0.101093282,-1.234521746,-0.492233902,-0.672368763,-1.108707457,-0.583159572,0.181426486,1.094110958,0.824324324,-3.000057758
19,222,-0.455398776,Cam Reddish,POR,SF/PF,,40,24.74041667,9.675,1.125,2.2,1.425,0.975,0.35,0.445512821,7.8,0.853333333,1.875,1.175,-1.109235459,-0.457992262,-1.510488675,-1.082111314,0.025771842,-0.578827386,-0.537196716,0.269691763,0.881799228,1.6,-3.027081537
22,259,-0.555870688,Jonathan Kuminga,GSW,PF/C,,67,20.80870647,9.940298507,0.805970149,3.447761194,1.865671642,0.611940299,0.462686567,0.525150905,7.417910448,0.652173913,2.059701493,1.417910448,-1.06854428,-0.75294217,-0.992577678,-0.886923833,-1.007646189,-0.356788838,0.309409146,-0.833920225,0.587097871,1.343283582,-3.090599858
13,151,-0.307223999,Chris Boucher,TOR,PF/C,,76,20.04495614,9.368421053,0.815789474,5.539473684,0.381578947,0.618421053,0.842105263,0.493383743,6.960526316,0.761904762,2.210526316,0.539473684,-1.156258185,-0.743863995,-0.124365952,-1.544275675,-0.989199283,0.390820911,-0.017715297,-0.232984551,1.652826037,1.684210526,-3.127903518
22,253,-0.538706014,Theo Maledon,CHA,PG/SG,Probable - right shoulder,44,19.40037879,6.704545455,0.636363636,2.795454545,3.454545455,0.840909091,0.272727273,0.401574803,5.772727273,0.851351351,1.681818182,1.340909091,-1.564840353,-0.909747012,-1.263332041,-0.183161101,-0.35590633,-0.73108621,-0.753330665,0.232532908,0.680516678,1.431818182,-3.140157013
17,200,-0.41490743,Isaiah Jackson,IND,PF/C,,63,16.54470899,7.222222222,0.031746032,4.476190476,0.80952381,0.492063492,1.476190476,0.562893082,5.047619048,0.650684932,2.317460317,0.80952381,-1.485439687,-1.468728894,-0.565705263,-1.354725289,-1.348865148,1.64022768,0.47122855,-0.947357373,1.325198555,1.507936508,-3.145925434
19,228,-0.465736811,Grant Williams,BOS,SF/PF,,79,25.88164557,8.113924051,1.455696203,4.594936709,1.658227848,0.518987342,0.392405063,0.453781513,6.025316456,0.770491803,1.544303797,1.037974684,-1.348671489,-0.152256564,-0.516417002,-0.978807285,-1.272228739,-0.495272097,-0.34861992,-0.1273979,1.048039696,1.189873418,-3.158162407
21,241,-0.516852787,Kevin Love,MIA,PF/C,,62,19.99139785,8.209677419,1.596774194,6.435483871,1.870967742,0.258064516,0.193548387,0.389150943,6.838709677,0.879120879,1.467741935,1.129032258,-1.333984948,-0.021826949,0.247542977,-0.884578021,-2.014922989,-0.887100943,-1.008167413,0.313795457,0.937567747,1.290322581,-3.200155832
18,209,-0.433096393,Jordan Goodwin,WAS,PG,,62,17.84623656,6.564516129,0.612903226,3.306451613,2.709677419,0.935483871,0.419354839,0.447592068,5.693548387,0.768115942,1.112903226,0.919354839,-1.58631789,-0.931436662,-1.051231359,-0.513086838,-0.086707401,-0.442170036,-0.379091036,-0.099776779,1.191950465,0.85483871,-3.211601485
20,235,-0.498834182,Precious Achiuwa,TOR,PF/C,Questionable - left groin strain,55,20.73606061,9.236363636,0.527272727,5.963636364,0.909090909,0.563636364,0.545454545,0.485148515,7.345454545,0.701612903,2.254545455,1.072727273,-1.176512999,-1.010603886,0.051692189,-1.310623855,-1.145139161,-0.193702127,-0.102054545,-0.608440768,1.005877512,1.581818182,-3.22099528
15,169,-0.360484059,Kenrich Williams,OKC,SF/PF,Questionable - back,53,22.75188679,8.018867925,0.943396226,4.924528302,1.981132075,0.849056604,0.264150943,0.51734104,6.528301887,0.435897436,0.735849057,0.603773585,-1.363251088,-0.625888828,-0.379612691,-0.835782735,-0.33271514,-0.74798508,0.199934606,-0.733872338,1.574816762,0.320754717,-3.268244884
16,190,-0.401992045,Nicolas Batum,LAC,SF/PF,,78,21.91538462,6.128205128,1.58974359,3.833333333,1.551282051,0.692307692,0.564102564,0.419947507,4.884615385,0.708333333,0.615384615,0.641025641,-1.653238768,-0.028326892,-0.832537398,-1.026176979,-0.778887355,-0.156957916,-0.514672662,-0.156752632,1.529622199,0.435897436,-3.271731324
12,138,-0.271284303,Larry Nance Jr.,NOR,PF/C,Questionable - knee,65,21.24820513,6.784615385,0.215384615,5.446153846,1.830769231,0.861538462,0.569230769,0.609836066,4.692307692,0.696202532,1.215384615,0.646153846,-1.55255932,-1.298951103,-0.163100423,-0.90238322,-0.297186611,-0.146853258,0.743257885,-0.347183283,1.52340061,0.846153846,-3.292102033
25,291,-0.605524439,Jae'Sean Tate,HOU,SF/PF,,31,21.85376344,9.129032258,0.419354839,3.806451613,2.709677419,0.677419355,0.225806452,0.480349345,7.387096774,0.724637681,2.225806452,1.516129032,-1.192975362,-1.110376278,-0.843695253,-0.513086838,-0.82126572,-0.823539385,-0.151825775,-0.460893453,0.467938113,1.612903226,-3.300339989
17,198,-0.412410079,Moritz Wagner,ORL,PF/C,,57,19.46403509,10.52631579,0.894736842,4.543859649,1.473684211,0.649122807,0.228070175,0.5,6.947368421,0.840659341,3.192982456,1.192982456,-0.978661625,-0.670875467,-0.53761767,-1.06054753,-0.901809395,-0.819078925,0.046168594,0.350748574,0.859982734,2.684210526,-3.315050555
13,154,-0.312834342,Brandon Clarke,MEM,SF/PF,Injured - achilles tear (0g) - 2/28/2024,56,19.46547619,9.964285714,0.017857143,5.535714286,1.285714286,0.607142857,0.660714286,0.656160458,6.232142857,0.722627737,2.446428571,0.982142857,-1.06486515,-1.481569469,-0.125926374,-1.143805386,-1.021301691,0.033406623,1.392502845,-0.519725893,1.11577542,1.767857143,-3.381213302
22,262,-0.56194611,Naji Marshall,NOR,SG/SF,Injured - right knee (0g) - 11/2/2023,77,23.27164502,9.064935065,0.857142857,3.623376623,2.454545455,0.701298701,0.181818182,0.432574431,7.415584416,0.788571429,2.272727273,1.25974026,-1.202806516,-0.705631909,-0.919684594,-0.626092897,-0.753295226,-0.910214237,-0.644672837,-0.074108285,0.778991507,1.792207792,-3.381441596
20,230,-0.480439008,Ayo Dosunmu,CHI,PG/SG,,80,26.21916667,8.5875,0.7375,2.75,2.575,0.775,0.325,0.492982456,7.125,0.804878049,1.025,1.2375,-1.276034956,-0.816244284,-1.282198959,-0.572739749,-0.543510855,-0.628087594,-0.021807865,0.010699581,0.80597361,0.825,-3.387555326
16,187,-0.389295392,Isaiah Hartenstein,NYK,C,,82,19.82825203,4.951219512,0.097560976,6.536585366,1.243902439,0.646341463,0.780487805,0.535168196,3.987804878,0.676056338,0.865853659,0.804878049,-1.833763465,-1.407881574,0.289507398,-1.162325182,-0.909726249,0.26940936,0.215992028,-0.295705685,1.330834838,0.585365854,-3.458039941
19,227,-0.461619411,Charles Bassey,SAS,PF/C,,35,14.51047619,5.685714286,0.085714286,5.514285714,1.371428571,0.457142857,0.942857143,0.644444444,3.857142857,0.594594595,1.057142857,1.171428571,-1.721107504,-1.418834091,-0.134820778,-1.105839804,-1.448263714,0.589343251,0.794213579,-0.595397755,0.88613212,0.628571429,-3.489915657
17,195,-0.407609124,Robert Covington,LAC,SF/PF,,48,16.21979167,6,1.125,3.458333333,1.1875,0.791666667,0.6875,0.445414847,4.770833333,0.75,0.833333333,0.666666667,-1.672902723,-0.457992262,-0.988189477,-1.187307616,-0.496070631,0.086185417,-0.334140297,-0.116578782,1.498514254,0.625,-3.522648329
15,171,-0.361555411,Gary Harris,ORL,SG/SF,,48,24.67430556,8.270833333,1.958333333,2.041666667,1.229166667,0.9375,0.25,0.449511401,6.395833333,0.9,0.625,0.583333333,-1.324604924,0.312442194,-1.576208442,-1.168852125,-0.080968664,-0.775868216,-0.407230764,0.167677163,1.599615077,0.5625,-3.560225492
16,183,-0.379362189,Xavier Tillman,MEM,PF/C,,61,19.34508197,7.032786885,0.06557377,5.032786885,1.573770492,0.950819672,0.475409836,0.614379085,5.016393443,0.550561798,1.459016393,0.721311475,-1.514495061,-1.437454428,-0.334677561,-1.016216133,-0.043055369,-0.331718804,0.827135947,-0.995996918,1.432218631,0.803278689,-3.582635005
15,175,-0.36873763,John Konchar,MEM,SG/SF,,72,20.7462963,5.055555556,0.833333333,4.305555556,1.388888889,1.069444444,0.347222222,0.43125,4.444444444,0.777777778,0.5,0.513888889,-1.817760523,-0.727644322,-0.636531077,-1.098106074,0.294599783,-0.584300742,-0.399629683,-0.033131799,1.683865764,0.388888889,-3.658598163
23,269,-0.575309442,Josh Okogie,PHO,SG/SF,,72,18.75671296,7.347222222,0.916666667,3.486111111,1.458333333,0.777777778,0.472222222,0.391304348,5.75,0.723958333,2.666666667,0.875,-1.466267331,-0.650600876,-0.976659694,-1.067346921,-0.535604151,-0.337999704,-0.83247837,-0.556590119,1.245762194,1.930555556,-3.686024165
20,234,-0.495313919,Pat Connaughton,MIL,SG/SF,,61,23.65027322,7.639344262,1.786885246,4.639344262,1.262295082,0.606557377,0.180327869,0.39192399,6.901639344,0.658536585,0.672131148,0.540983607,-1.42146199,0.153934777,-0.497984661,-1.154178496,-1.022968209,-0.913150762,-0.990732846,-0.262277267,1.650994185,0.442622951,-3.87299911
18,212,-0.436070511,Troy Brown Jr,LAL,SF/PF,,76,24.46885965,7.118421053,1.407894737,4.052631579,1.25,0.776315789,0.210526316,0.430107527,6.118421053,0.871794872,0.513157895,0.644736842,-1.501360591,-0.196450039,-0.741512791,-1.159624379,-0.539765575,-0.853647492,-0.555093006,0.097699537,1.525119734,0.447368421,-3.927658662
17,193,-0.40431534,Luke Kennard,MEM,SG/SF,,59,22.29096045,9.254237288,2.254237288,2.677966102,1.542372881,0.542372881,0.084745763,0.492146597,6.474576271,0.948717949,0.661016949,0.779661017,-1.173771559,0.586011717,-1.312098229,-1.030123133,-1.205663823,-1.101486538,-0.028493215,0.265358329,1.361428391,0.627118644,-3.973258962
23,267,-0.566671114,Landry Shamet,WAS,SG,Injured - broken toe (0g) - 11/6/2023,40,20.17166667,8.65,1.875,1.675,2.325,0.65,0.125,0.376666667,7.5,0.882352941,1.275,0.9,-1.266448778,0.235398748,-1.728401585,-0.683472698,-0.899312541,-1.022169254,-1.234543311,0.283477444,1.215431947,1.125,-3.981630528
21,247,-0.526667779,Josh Green,DAL,SG/SF,,60,25.65388889,9.1,1.133333333,3.033333333,1.716666667,0.7,0.083333333,0.536649215,6.366666667,0.723404255,1.566666667,1.2,-1.197428296,-0.450287918,-1.164595166,-0.952922874,-0.756991867,-1.1042696,0.365494187,-0.330477452,0.851468981,1.133333333,-3.995068189
17,199,-0.413895483,Nick Richards,CHA,C,,65,18.7225641,8.184615385,0.015384615,6.4,0.584615385,0.169230769,1.092307692,0.629392971,4.815384615,0.74863388,2.815384615,0.907692308,-1.337828934,-1.483855373,0.232814608,-1.454344382,-2.267780564,0.883821855,0.893950659,-0.39793678,1.206099563,2.107692308,-4.000191975
18,208,-0.429387268,Keita Bates-Diop,SAS,PF,,67,21.67835821,9.656716418,0.835820896,3.701492537,1.537313433,0.686567164,0.298507463,0.507526882,6.940298507,0.793333333,2.23880597,0.835820896,-1.112039774,-0.725344518,-0.887260849,-1.032364124,-0.795227272,-0.680288709,0.118700423,-0.043955257,1.293294671,1.776119403,-4.007041514
19,220,-0.449336265,Reggie Bullock,DAL,SF/PF,,78,30.31303419,7.192307692,1.935897436,3.628205128,1.384615385,0.692307692,0.166666667,0.408510638,6.025641026,0.702702703,0.474358974,0.461538462,-1.490027943,0.291699728,-0.917680416,-1.099998945,-0.778887355,-0.940068908,-0.727704894,-0.128735473,1.74737782,0.333333333,-4.039310199
18,215,-0.439623297,Jonathan Isaac,ORL,SF/PF,,11,11.27424242,5,0.545454545,4,0.545454545,1.272727273,0.363636364,0.41509434,4.818181818,0.555555556,0.818181818,0.363636364,-1.82628157,-0.993794407,-0.763358697,-1.471689962,0.873226767,-0.551958182,-0.540338935,-0.548568297,1.866153613,0.454545455,-4.059654116
23,271,-0.577897366,Taurean Prince,MIN,SF/PF,,54,22.08179012,9.12962963,1.37037037,2.444444444,1.555555556,0.518518519,0.277777778,0.46701847,7.018518519,0.844155844,1.425925926,1.277777778,-1.192883738,-0.231142117,-1.409026579,-1.024284108,-1.273563204,-0.721134652,-0.274898466,0.168748357,0.757108212,1.203703704,-4.065675343
24,282,-0.587368954,Jay Scrubb,ORL,SG/SF,Out for season - torn acl (0g) - 7/14/2024,2,15.05833333,6.5,1,3,0.5,1,0,0.714285714,3.5,0.5,1,1.5,-1.596213299,-0.573557431,-1.178430907,-1.491823226,0.096932179,-1.268470292,1.059186024,-0.821449647,0.487506015,0.5,-4.076869881
24,288,-0.603601381,Andre Drummond,CHI,C,,67,12.67686567,5.955223881,0,6.626865672,0.492537313,0.671641791,0.402985075,0.605839416,4.089552239,0.536,1.865671642,1.119402985,-1.679770433,-1.498078778,0.326980244,-1.495128687,-0.837711055,-0.474425155,0.623442988,-1.346971633,0.949250076,1,-4.148035806
17,201,-0.417711016,Corey Kispert,WAS,SG/SF,,74,28.28693694,11.08108108,2.202702703,2.797297297,1.175675676,0.432432432,0.121621622,0.497435897,7.905405405,0.852272727,1.189189189,0.743243243,-0.893572364,0.538366893,-1.262567166,-1.192544985,-1.5185998,-1.028826039,0.02611332,0.166620204,1.405610794,1.013513514,-4.159376092
20,231,-0.482967675,Terance Mann,LAC,SG/SF,,81,23.1100823,8.802469136,0.950617284,3.407407407,2.271604938,0.518518519,0.271604938,0.519083969,6.469135802,0.779661017,1.456790123,0.987654321,-1.243063237,-0.619212806,-1.009327414,-0.707123068,-1.273563204,-0.733297667,0.21367607,-0.083886611,1.109088858,1.135802469,-4.164094327
18,213,-0.436963051,Isaiah Joe,OKC,PG/SG,,73,19.11210046,9.465753425,2.205479452,2.397260274,1.205479452,0.657534247,0.109589041,0.440944882,6.95890411,0.82,1.369863014,0.534246575,-1.141329458,0.540934057,-1.428611417,-1.179343945,-0.87786696,-1.052535136,-0.524807337,0.07172512,1.659167618,1.123287671,-4.17738426
20,238,-0.502345,Lonnie Walker,LAL,SG/SF,,56,23.16071429,11.67857143,1.625,1.946428571,1.142857143,0.535714286,0.303571429,0.447817837,9.410714286,0.858490566,1.892857143,0.821428571,-0.801929983,0.004268411,-1.615739128,-1.207081357,-1.22461694,-0.670310629,-0.615371055,0.298920102,1.310755581,1.625,-4.261961848
14,158,-0.33542673,Jeenathan Williams Jr.,POR,SG,,5,25.31333333,10.6,0.6,3,2,0.6,0.4,0.615384615,7.8,0.666666667,0.6,0.8,-0.967360025,-0.94336597,-1.178430907,-0.827425532,-1.041633216,-0.480306971,1.304039794,-0.221110677,1.336752935,0.4,-4.268490225
25,289,-0.604743162,Bismack Biyombo,PHO,C,,61,14.3284153,4.31147541,0,4.262295082,0.918032787,0.295081967,1.442622951,0.577669903,3.37704918,0.357142857,1.147540984,0.836065574,-1.931886678,-1.498078778,-0.654487297,-1.306663213,-1.909556017,1.57408595,0.380424059,-1.389524311,1.292997825,0.409836066,-4.289825658
24,281,-0.587049795,Jaylen Nowell,MIN,PG/SG,,65,19.25717949,10.83076923,1.030769231,2.615384615,2.030769231,0.646153846,0.076923077,0.448,9.615384615,0.777777778,1.523076923,1,-0.931964907,-0.54511062,-1.338074065,-0.813796861,-0.910260286,-1.116900423,-0.626045184,-0.095406768,1.094110958,1.184615385,-4.290359363
24,285,-0.596447485,Devonte' Graham,SAS,PG/SG,,73,18.33378995,7.383561644,1.630136986,1.671232877,2.684931507,0.616438356,0.219178082,0.373549884,5.904109589,0.748091603,1.794520548,0.726027397,-1.460693633,0.009017665,-1.729965213,-0.524047589,-0.994842857,-0.836599979,-1.000115999,-0.257276984,1.426497228,1.342465753,-4.357683484
16,181,-0.375163137,Jae Crowder,MIL,SF/PF,,18,18.8712963,6.888888889,1.333333333,3.833333333,1.5,0.666666667,0.333333333,0.478723404,5.222222222,0.833333333,0.666666667,0.388888889,-1.53656597,-0.265383648,-0.832537398,-1.04889143,-0.851872317,-0.611667524,-0.122841128,0.057774185,1.835517,0.555555556,-4.368043826
24,286,-0.598297161,Shaedon Sharpe,POR,SG/SF/PF,,80,22.23208333,9.8625,1.275,2.95,1.175,0.475,0.3,0.472222222,8.1,0.714285714,1.3125,1.0375,-1.080476925,-0.31931406,-1.199184517,-1.192844263,-1.397434902,-0.677347801,-0.256733859,-0.309953707,1.048615587,0.9375,-4.385210809
25,295,-0.614158961,Jordan Nwora,IND,SF/PF,,62,19.16182796,8.741935484,1.387096774,3.693548387,1.419354839,0.387096774,0.225806452,0.435955056,7.177419355,0.790697674,1.387096774,1.064516129,-1.252347819,-0.215678199,-0.890558245,-1.084611736,-1.647643829,-0.823539385,-0.590656831,-0.03823396,1.015839352,1.096774194,-4.388322266
20,237,-0.501218713,Mo Bamba,LAL,C,,49,15.68231293,6.591836735,0.979591837,4.591836735,0.93877551,0.265306122,0.87755102,0.485477178,4.918367347,0.661290323,1.265306122,0.612244898,-1.582127487,-0.592425213,-0.517703715,-1.297475601,-1.994310383,0.460663525,-0.070270784,-0.481858037,1.564539281,0.836734694,-4.393623292
21,249,-0.532137634,Maxi Kleber,DAL,PF/C,,37,25.12837838,5.945945946,1.054054054,3.648648649,1.405405405,0.324324324,0.810810811,0.455621302,4.567567568,0.710526316,1.027027027,0.72972973,-1.681193471,-0.523583304,-0.909194879,-1.090790383,-1.826320177,0.329158062,-0.255661485,-0.253658589,1.422005522,0.72972973,-4.438819038
22,255,-0.548675706,Jaylin Williams,OKC,PF/C,Injured - hamstring (0g) - 11/8/2023,49,18.65782313,5.87755102,0.93877551,4.918367347,1.551020408,0.571428571,0.244897959,0.435897436,4.775510204,0.703703704,1.102040816,0.755102041,-1.691683806,-0.630160779,-0.382169932,-1.026292869,-1.122959315,-0.78592132,-0.397614019,-0.292502902,1.391223583,0.775510204,-4.488888058
20,236,-0.500882661,Julian Champagnie,SAS,SG,,17,18.83137255,9.705882353,1.941176471,3.529411765,0.588235294,0.352941176,0.294117647,0.453846154,7.647058824,0.823529412,1,0.647058824,-1.10449876,0.296580308,-0.958686796,-1.452741009,-1.744864783,-0.688938438,-0.438357965,0.061260807,1.522302683,0.823529412,-4.56388272
22,256,-0.552381916,Rui Hachimura,LAL,SF/PF,,63,23.27116402,11.22222222,0.80952381,4.492063492,0.920634921,0.301587302,0.412698413,0.48630137,9.26984127,0.739495798,1.888888889,0.841269841,-0.871924298,-0.749656735,-0.559116815,-1.305510645,-1.891039145,-0.455285913,-0.1106237,-0.314963944,1.286683956,1.396825397,-4.614735953
14,163,-0.34489695,Otto Porter,TOR,SF/PF,,8,18.29166667,5.5,0.75,2.375,1,1.375,0,0.5,3.75,1,1,0.5,-1.749592147,-0.804687768,-1.437851038,-1.270357328,1.164337237,-1.268470292,0.019093649,0.542739236,1.700715901,1,-4.629341614
23,270,-0.575692553,Chuma Okeke,ORL,PF,,27,19.18518519,4.740740741,0.962962963,3.555555556,1.37037037,0.703703704,0.407407407,0.352459016,4.518518519,0.761904762,0.777777778,0.62962963,-1.866046457,-0.607798962,-0.947835234,-1.106308514,-0.746449595,-0.465711354,-0.900806932,-0.083723883,1.543447953,0.592592593,-4.7066073
24,277,-0.582969589,James Wiseman,DET,C,,45,19.27185185,10,0.088888889,5.933333333,0.666666667,0.155555556,0.6,0.557522124,7.533333333,0.701030928,2.155555556,1.133333333,-1.059387334,-1.415899103,0.039114243,-1.41800126,-2.306705877,-0.08622531,0.653295877,-0.585267173,0.93234964,1.511111111,-4.713322365
24,287,-0.599249481,Cory Joseph,DET,PG/SG,Injured - lower back strain (0g) - 10/27/2023,62,19.79569892,6.887096774,1.129032258,1.709677419,3.5,0.548387097,0.14516129,0.427350427,5.661290323,0.791666667,1.161290323,0.903225806,-1.536840842,-0.454264354,-1.714007952,-0.163027837,-1.18854488,-0.982443281,-0.536255923,-0.029378626,1.211518366,0.919354839,-4.721529294
18,210,-0.433261388,Gary Payton II,GSW,PG/SG,,22,16.70984848,4.590909091,0.590909091,3.136363636,1.363636364,1,0.227272727,0.594202899,3.136363636,0.857142857,0.318181818,0.727272727,-1.889027462,-0.951770709,-1.121830151,-1.10929122,0.096932179,-0.820650223,0.424464766,0.046833951,1.424986382,0.272727273,-4.739419065
22,261,-0.557385317,Trey Lyles,SAC,PF/C,,74,16.8536036,7.594594595,1.175675676,4.054054054,0.891891892,0.364864865,0.418918919,0.458333333,5.513513514,0.814516129,1.675675676,0.864864865,-1.428325642,-0.411141518,-0.740922361,-1.318241846,-1.710925036,-0.443028976,-0.285208418,0.063267701,1.25805824,1.364864865,-4.746768222
23,265,-0.566270964,Anthony Lamb,GSW,SF/PF,,62,19.2733871,6.693548387,1.177419355,3.467741935,1.548387097,0.451612903,0.322580645,0.47133758,5.064516129,0.766666667,0.967741935,0.870967742,-1.566527071,-0.40952945,-0.984284228,-1.027459246,-1.464004249,-0.63285471,-0.171493118,-0.090940772,1.250654169,0.741935484,-4.781503161
21,248,-0.531799203,Isaiah Livers,DET,SG/SF,Injured - grade-3 ankle sprain (0g) - 12/6/2023,52,23.05096154,6.653846154,1.423076923,2.75,0.788461538,0.538461538,0.538461538,0.416666667,5.538461538,0.820512821,0.75,0.576923077,-1.572616554,-0.182413784,-1.282198959,-1.364054439,-1.216797123,-0.207481206,-0.607121463,0.039098639,1.607392064,0.615384615,-4.804239152
24,283,-0.592657847,Trendon Watford,POR,PF/C,,62,19.05833333,7.403225806,0.403225806,3.838709677,2.096774194,0.516129032,0.193548387,0.560371517,5.209677419,0.72,1.612903226,1.14516129,-1.457677566,-1.125287912,-0.830305827,-0.784561164,-1.28036467,-0.887100943,0.46850956,-0.355131945,0.917999845,1.161290323,-4.857246886
21,251,-0.536517247,Seth Curry,BKN,PG/SG,,61,19.84808743,9.196721311,1.540983607,1.639344262,1.62295082,0.590163934,0.114754098,0.46325167,7.360655738,0.927272727,0.901639344,0.836065574,-1.182593293,-0.073406538,-1.743201291,-0.994432602,-1.069630725,-1.042357864,-0.326210517,0.310179786,1.292997825,0.836065574,-4.888866511
19,221,-0.454112955,Matisse Thybulle,POR,SG/SF,,71,16.90516432,4.126760563,0.76056338,1.971830986,0.746478873,1.169014085,0.450704225,0.434782609,3.563380282,0.678571429,0.394366197,0.338028169,-1.960218028,-0.794921697,-1.605195292,-1.382649896,0.578016149,-0.380398944,-0.305424732,-0.133445885,1.897221728,0.267605634,-4.890511263
23,273,-0.578198446,Terrence Ross,PHO,SG/SF,,63,21.11851852,8.285714286,1.507936508,2.444444444,1.507936508,0.555555556,0.158730159,0.430107527,7.380952381,0.794117647,0.53968254,0.682539683,-1.322322501,-0.103959286,-1.409026579,-1.045376098,-1.168140482,-0.95570707,-0.667023438,-0.011487517,1.479256954,0.428571429,-4.950365518
25,292,-0.605609031,Damion Lee,PHO,SG/SF,Injured - right knee meniscus (0g) - 12/17/2023,74,20.3527027,8.162162162,1.486486486,3.040540541,1.337837838,0.405405405,0.094594595,0.442477876,6.108108108,0.903846154,1.405405405,1.054054054,-1.341272783,-0.123790289,-1.161603655,-1.120718207,-1.595529894,-1.082080318,-0.44918038,0.3951622,1.028532045,1.27027027,-4.955643964
17,194,-0.407568663,Thomas Bryant,DEN,C,,59,18.3299435,9.813559322,0.440677966,5.745762712,0.525423729,0.271186441,0.508474576,0.623306233,6.254237288,0.738095238,2.13559322,0.644067797,-1.08798339,-1.090662591,-0.038741109,-1.480562248,-1.977572566,-0.266567765,1.111949527,-0.363909255,1.525931426,1.576271186,-4.971953366
15,174,-0.367060703,Jay Huff,WAS,C,,7,13.56190476,7.285714286,0.857142857,3,1.428571429,0.428571429,0.571428571,0.6,3.571428571,0.9375,2.285714286,0.714285714,-1.475701348,-0.705631909,-1.178430907,-1.080529415,-1.529589814,-0.14252269,0.513871692,0.854245712,1.440742354,2.142857143,-4.983345177
25,296,-0.618915421,Terence Davis,SAC,SG/SF,,64,13.13958333,6.734375,1.390625,2.171875,1.046875,0.671875,0.1875,0.423076923,5.6875,0.790697674,0.671875,0.828125,-1.560265132,-0.212416279,-1.522162581,-1.2495949,-0.837047246,-0.899018735,-0.572455277,-0.019910042,1.302631407,0.53125,-5.067976963
22,257,-0.553088545,Joe Harris,BKN,SG/SF,,74,20.63581081,7.594594595,1.918918919,2.216216216,1.364864865,0.459459459,0.175675676,0.456818182,5.945945946,0.642857143,0.378378378,0.554054054,-1.428325642,0.276002726,-1.503757774,-1.108747078,-1.441669706,-0.922317482,-0.319103723,-0.16501521,1.635136989,0.243243243,-5.181094474
23,272,-0.578151046,Georges Niang,PHI,SF/PF,,78,19.38226496,8.166666667,1.974358974,2.371794872,0.987179487,0.384615385,0.179487179,0.442231076,6.435897436,0.866666667,0.576923077,0.692307692,-1.340581887,0.327258241,-1.439181398,-1.276035941,-1.65470689,-0.914807264,-0.474813269,0.102102681,1.467406308,0.5,-5.193604473
21,252,-0.537515991,Javonte Green,CHI,SG/SF,,32,15.00729167,5.15625,0.40625,2.75,0.71875,0.75,0.65625,0.564814815,3.375,0.666666667,1.40625,0.625,-1.802316125,-1.122491981,-1.282198959,-1.394931895,-0.614671193,0.024610157,0.319895919,-0.514604507,1.549064665,0.9375,-5.205804148
20,240,-0.514828467,Isaac Okoro,CLE,SG/SF,,76,21.74144737,6.447368421,0.815789474,2.460526316,1.144736842,0.736842105,0.394736842,0.494350282,4.657894737,0.757281553,1.355263158,0.552631579,-1.60428587,-0.743863995,-1.402351441,-1.206248778,-0.652124002,-0.490677541,-0.009787152,-0.16098017,1.636862749,1.026315789,-5.219631483
25,300,-0.623633484,Willy Hernangomez,NOR,C,,37,12.36936937,7.081081081,0.081081081,4.864864865,0.891891892,0.459459459,0.351351351,0.526627219,4.567567568,0.778846154,2.810810811,1.054054054,-1.507087753,-1.423117588,-0.404377326,-1.318241846,-1.441669706,-0.576164672,0.195023638,-0.165598151,1.028532045,2.189189189,-5.295553571
22,254,-0.542938587,Dean Wade,CLE,SF/PF,,44,20.25984848,4.681818182,1.022727273,3.409090909,0.840909091,0.636363636,0.477272727,0.412429379,4.022727273,0.652173913,0.522727273,0.386363636,-1.875083931,-0.552545582,-1.008628639,-1.34082375,-0.938127271,-0.328048147,-0.468119499,-0.213651128,1.838580661,0.340909091,-5.301110001
24,278,-0.584212422,JaMychal Green,GSW,PF/C,,57,13.97719298,6.421052632,0.736842105,3.596491228,0.894736842,0.438596491,0.403508772,0.53968254,4.421052632,0.776119403,1.175438596,0.912280702,-1.608322156,-0.816852522,-0.930843974,-1.316981727,-1.50105434,-0.473393257,0.268567705,-0.079564404,1.200532878,0.912280702,-5.35721323
21,250,-0.534624259,A.J. Griffin,ATL,SG/SF,,72,19.46203704,8.875,1.402777778,2.125,1.013888889,0.583333333,0.166666667,0.465290807,7.402777778,0.893617021,0.652777778,0.583333333,-1.231938537,-0.201180777,-1.541619091,-1.264205497,-1.089073441,-0.940068908,-0.307028254,0.163881093,1.599615077,0.583333333,-5.371265561
23,276,-0.582958298,Jalen Johnson,ATL,PF/C,,70,14.87880952,5.642857143,0.428571429,4.028571429,1.185714286,0.542857143,0.485714286,0.49068323,4.6,0.628205128,1.114285714,0.585714286,-1.727680883,-1.101855344,-0.751499491,-1.188098566,-1.204285415,-0.31141483,-0.033263469,-0.525253164,1.596726482,0.7,-5.373925821
21,245,-0.521664579,Jeremiah Robinson-Earl,OKC,PF/C,,43,18.92364341,6.790697674,0.860465116,4.186046512,1,0.558139535,0.255813953,0.443548387,5.76744186,0.833333333,0.976744186,0.441860465,-1.551626425,-0.702560409,-0.68613596,-1.270357328,-1.160785408,-0.764412354,-0.416254851,0.08590016,1.77125136,0.813953488,-5.412701518
19,225,-0.460804922,Gabe York,IND,PG,,3,18.60555556,8,2,2,1.666666667,0.666666667,0,0.380952381,7,1,0.666666667,0,-1.366145028,0.350963917,-1.593503117,-0.975069464,-0.851872317,-1.268470292,-1.111396111,0.36092727,2.307320845,0.666666667,-5.442514244
21,243,-0.52035284,Paul Reed,PHI,PF/C,,69,10.94299517,4.15942029,0.014492754,3.797101449,0.391304348,0.666666667,0.739130435,0.593301435,3.028985507,0.745098039,0.739130435,0.652173913,-1.955208717,-1.484679918,-0.847576246,-1.539967986,-0.851872317,0.187918454,0.405704747,-0.113590578,1.516097006,0.550724638,-5.4989746
22,260,-0.557076677,Dwight Powell,DAL,C,,76,19.18267544,6.657894737,0,4.131578947,0.907894737,0.631578947,0.342105263,0.732342007,3.539473684,0.666666667,2.210526316,0.855263158,-1.571995587,-1.498078778,-0.708743932,-1.311153677,-0.951746474,-0.594383241,1.160084342,-0.80737987,1.269707126,1.473684211,-5.513791644
22,263,-0.563590032,Thaddeus Young,TOR,PF/C,,54,14.72962963,4.444444444,0.111111111,3.074074074,1.388888889,1,0.092592593,0.545454545,3.666666667,0.692307692,0.481481481,0.777777778,-1.911492041,-1.395354184,-1.147684817,-1.098106074,0.096932179,-1.086025079,0.249990069,-0.144283492,1.363713155,0.333333333,-5.542639229
23,275,-0.582849444,Aaron Wiggins,OKC,SG/SF,,70,18.53333333,6.842857143,0.685714286,3,1.142857143,0.557142857,0.214285714,0.512396694,5.185714286,0.830985915,1.014285714,0.785714286,-1.543626266,-0.864121283,-1.178430907,-1.207081357,-1.163622365,-0.846239942,0.120583341,0.082809275,1.354084505,0.842857143,-5.729046066
22,258,-0.555636941,Ty Jerome,GSW,PG/SG,,45,18.12296296,6.866666667,0.777777778,1.733333333,3,0.511111111,0.111111111,0.487603306,5.377777778,0.926829268,0.911111111,0.666666667,-1.539974389,-0.779006619,-1.70418904,-0.384493735,-1.294647748,-1.049536036,-0.059763348,0.312364194,1.498514254,0.844444444,-5.80631864
23,268,-0.570485377,Sam Hauser,BOS,SF/PF,,80,16.125,6.4,1.75,2.55,0.8875,0.3625,0.2625,0.454545455,4.95,0.705882353,0.2125,0.375,-1.611551184,0.11983358,-1.365213401,-1.320187155,-1.717656419,-0.751238113,-0.283407693,-0.057315145,1.852367137,0.15,-5.929121354
25,298,-0.621976298,Ish Wainright,PHO,PF,Questionable - calf,60,15.25083333,4.183333333,0.95,2.316666667,0.883333333,0.633333333,0.366666667,0.370044053,3.783333333,0.838709677,0.516666667,0.366666667,-1.951540962,-0.619783498,-1.462063584,-1.322032704,-0.946752766,-0.545987248,-0.663850214,0.051747071,1.86247722,0.433333333,-6.201384443
24,280,-0.586040221,T.J. Warren,PHO,SF/PF,,42,16.35079365,7.476190476,0.523809524,2.880952381,0.952380952,0.523809524,0.285714286,0.488888889,6.428571429,0.8,0.833333333,0.476190476,-1.446486329,-1.013805692,-1.227844265,-1.291449318,-1.258502815,-0.705496491,-0.057482551,-0.002896375,1.729601851,0.666666667,-6.258130438
25,294,-0.613305105,Mike Muscala,BOS,C,,63,14.9989418,6.079365079,1.285714286,3.222222222,0.793650794,0.238095238,0.380952381,0.448630137,4.634920635,0.769230769,0.825396825,0.365079365,-1.660729799,-0.309408474,-1.086192638,-1.361755952,-2.071763811,-0.517838558,-0.304273055,-0.072186606,1.86440295,0.634920635,-6.334187862
25,299,-0.623330799,Yuta Watanabe,BKN,SF/PF,,58,15.99683908,5.551724138,1.034482759,2.431034483,0.827586207,0.431034483,0.293103448,0.49137931,4,0.723404255,0.810344828,0.379310345,-1.741658758,-0.541677384,-1.414592682,-1.346724879,-1.522578943,-0.690936824,-0.026707051,-0.172238451,1.847137784,0.586206897,-6.631068008
20,233,-0.491785182,Stanley Umude,FA,SG,,1,2.116666667,2,0,0,0,1,1,0,1,1,2,0,-2.286418112,-1.498078778,-2.423647537,-1.713289124,0.096932179,0.701938012,-0.698999262,1.088175136,2.307320845,2,-6.897598085
24,279,-0.585408272,Jericho Sims,NYK,C,,52,15.62275641,3.423076923,0,4.653846154,0.480769231,0.288461538,0.538461538,0.775700935,2.057692308,0.75,0.307692308,0.519230769,-2.068148214,-1.498078778,-0.491965328,-1.500341145,-1.928400495,-0.207481206,0.793101222,-0.044745446,1.677384942,0.230769231,-6.945993245
22,264,-0.566220374,Sam Merrill,CLE,SG,,5,11.70333333,5,1,1.8,1,0.8,0,0.409090909,4.4,1,0.4,0,-1.82628157,-0.573557431,-1.676517559,-1.270357328,-0.472350518,-1.268470292,-0.53124721,0.215477696,2.307320845,0.4,-6.988468264
25,297,-0.619115994,Jamal Cain,MIA,SF,,18,13.33518519,5.444444444,0.388888889,2.888888889,0.666666667,0.611111111,0.055555556,0.560606061,3.666666667,0.772727273,1.222222222,0.333333333,-1.758113194,-1.138542699,-1.224550041,-1.41800126,-1.010006399,-1.159003164,0.327190761,-0.093935499,1.902917549,0.944444444,-7.289516256
